file_name,dataset_name,source_id,cell_unid,animal_id,file_name_1,depol_overshoot_max,pre_time_ms,sag_amplitude,stim_time_ms,vrest,cell_name,cell_type,file_name_2,file_name_3,file_name_4,file_name_5,capacitance_mean,current_max_number_of_spike_max,depol_overshoot_mean,first_ap_peak_amplitude_mean,first_ap_trough_amplitude_mean,first_current_level_to_block_mean,half_max_spike_current_mean,half_max_spike_number_mean,half_width_time_mean,isi_cv_at_max_spikes_mean,max_adaptation_index_max,max_ahp_after_depol_injection_max,max_isi_cv_max,max_latency_of_spike_max,max_number_of_spike_max,max_slope_max,resistance_mean,resting_vm_mean,sag_mean,spontaneous_firing_rate_mean,tau_mean,v_threshold_mean
,,,,,,,,,,,,,,,,,,,,,,,,,,,,,,,,,,,,,,
080222A,MultiPulse,2,158,2036,080222A,43.2315,500,10.3047,500,-42.611,080222Ac5,OFF sustained alpha,080222A,080222A,080222A,080222A,1480.79426417611,300,38.9035384182144,-2.36472695503704,-46.9938365754177,999,93.4433222950089,68.82,0.544,0.176562103068104,0.0111528332912655,-8.34401027629114,0.928774187850518,7.2,100,173.087089256923,86.9233798515442,-42.6109788933578,NaN,88.88,1215.37899404935,-36.7245300736878
080222A,MultiPulse,6,162,2036,080222A,58.431,500,5.02356,500,-53.6138,080222Ac6,ON alpha,080222A,080222A,080222A,080222A,32.9088840654499,500,37.8376309796866,10.7705598885275,-56.2841978188977,999,174.318697368421,59.7,0.452,0.130416115312415,0.0364459389302182,-11.5560432465266,1.53915510862935,37.44,116,348.58937076985,80.0236851131429,-53.6137782117858,NaN,24.4,26.1322539756935,-53.4085337692381
081222A,MultiPulse,3,176,2038,081222A,35.4869,500,2.93041,500,-59.394,081222Ac2,ON alpha,081222A,081222A,081222A,081222A,4.80603136851651,500,18.347228788818,0.594657943395057,-59.3949397023569,999,403.768608421053,18.6,0,0.385044166622752,0.4086880164592,-3.491816285504,1.1951651922364,6,39,23.3466681857504,59.6419395296837,-59.3940425263917,NaN,0,2.86469572991823,-58.9408872613259
080922A,MultiPulse,14,210,2039,080922A,42.9739,500,11.3352,500,-57.7012,080922Ac6,ON alpha,080922A,080922A,080922A,080922A,NaN,500,23.6939543840083,1.58970675108279,-58.5480192106389,999,321.746764411765,34.7,0,0.165764063203193,0.41929780615041,-6.26342145524258,1.08787867219224,16.38,71,21.736551451275,65.6060362959611,-57.7011584733022,NaN,0,NaN,-57.8427888495842
042622A,MultiPulse_CC,3,2170,1563,042622A,53.7778,500,5.05577,500,-58.1186,042622Ac2,ON alpha,042622A,042622A,042622A,042622A,53708.6853756745,1120,39.2223364571477,-3.0635153945193,-55.3599919852347,826.8924,552.340447604167,75.0083333333333,0.4,0.155193721675633,0.938926699993977,-13.2988556133876,3.04254329023557,131.24,151,297.06581607908,50.4373004613517,-58.1186228309588,NaN,3.63333333333333,27009.5457019562,-58.2871806096852
042622B,MultiPulse,2,2171,1563,042622B,37.0165,500,11.8234,500,-61.1011,042622Bc2,ON alpha,042622B,042622B,042622B,042622B,6.36892719645617,738.462,21.1620827748075,2.16562450162928,-61.519559154295,1015.3816,403.66071875,41,0,0.18659367974007,0.0943399972688025,-10.1176145727143,1.26681582533273,11.84,83,48.3244537725351,48.385374592659,-61.1011230277188,NaN,0,2.98576182602162,-60.5852863762142
081122A,MultiPulse,5,2228,1973,081122A,43.8595,500,4.84645,500,-51.813,081122Ac4,Motion sensor,081122A,081122A,081122A,081122A,7.08520826093672,136.364,32.3578872930603,1.41581470913437,-52.8804150414916,568.691,38.7461944097222,26.3166666666667,1.176,0.112590099238197,0.208888204797445,-3.12356006974765,2.84234886534833,23.06,51,149.740494071477,156.487561588561,-51.8130322255593,NaN,15.6666666666667,10.9966205861304,-46.7168975529463
121422A,MultiPulse,2,2730,2295,121422A,54.5828,500,7.92176,500,-55.5521,121422Ac29,ON alpha,121422A,121422A,121422A,121422A,5.7116159344169,300,42.2600686391394,7.37858364481683,-51.2166151448957,610.30908,167.17148576555,26.0833333333333,0.24,0.401978431571033,0.11163203810086,-6.48218874364849,1.20055749976009,83.12,53,312.361731972975,87.4235767931972,-55.5520760436096,NaN,0.333333333333333,5.05026714761178,-56.575071164981
121722A,MultiPulse,41,3075,2291,121722A,58.2056,500,12.3335,500,-55.3993,121722Ac39,ON-OFF DS - temporal,121722A,121722A,121722A,121722A,20.546646704141,200,50.8902860971285,8.27166786903993,-50.1528814568804,999,65.3696378977273,24.9166666666667,0.344,0.582799276625985,0.0453115490135323,-5.67564365642156,1.98651914139771,48.76,52,211.72982437476,117.352263921662,-55.3993426996385,NaN,1.66666666666667,24.1811852855896,-54.6837435106719
022420A,MultiPulse_IC_Control,2,3784,2347,022420A,74.2812,500,2.75,100,-61.1802,022420Ac1,Bursty suppressed by contrast,022420A,022420A,022420A,022420A,NaN,200,60.26171875,-0.9296875,-49.171875,999,56.8863856731504,10.40625,0.675,0.130650405987824,0.0837848850543352,-17.1068854166667,0.862103150601682,12,18,156.25,164.082335815674,-54.1973685677083,NaN,38.125,NaN,-35.375
041521A,MultiPulse,3,3898,77,041521A,NaN,500,3.39062,500,-46.2905,041521Ac2,Sustained suppressed-by-contrast no surround EW27,041521A,041521A,041521A,041521A,5.22501635028117,33.3333,NaN,-2.5125,-49.571875,66.6667,16.66665,8.21666666666667,1.06,1.00719946264275,0.535420808482439,-3.10621006944444,2.02370217546193,14,12,111.25,223.158660047131,-45.4492072222222,NaN,15.2666666666667,11.1593470620147,-49.59375
041521A,MultiPulse,5,3900,77,041521A,NaN,500,10.75,500,-49.3446,041521Ac5,ON horizontal OS small RF,041521A,041521A,041521A,041521A,11.6683151911236,133.333,NaN,10.609375,-50.575,999,39.6996885747036,26.4142857142857,0.58,0.470210549090052,0.159377361740958,-5.3491634375,2.05833549124685,28,50,245.9375,135.412671226699,-50.20190575,NaN,8.05714285714286,16.0559749829893,-50.953125
052319A,MultiPulse_IC_hold0,3,3943,149,052319A,35.7656,500,12.7969,1000,-36.1809,052319Ac2,OFF sustained alpha,052319A,052319A,052319A,052319A,11764.3844030381,25,19.2252604166667,-7.07421875,-40.56640625,793,12.4999999999999,33.75,1.08,1.11792265496664,0.72965536220155,-16.4516894117647,1.42947928441736,127.54,38,104.6875,108.9761267781,-36.1000370220588,NaN,36.75,11928.935635022,-34.55859375
081519A,MultiPulse_IC_hold0,4,4111,124,081519A,22.6562,500,15.3281,1000,-30.5938,081519Ac4,Bursty suppressed by contrast,081519A,081519A,081519A,081519A,18387.8031161948,10,20.5972222222222,-17.671875,-34.921875,250,5,16.5555555555556,28.24,0.63300719736709,0.794496121948592,-20.0002636931818,1.31489034581884,894.46,14,21.09375,145.91872575097,-30.4997363068182,NaN,19.1111111111111,26831.2480007486,-31.5625
092719A,MultiPulse_IC_hold0,2,4137,136,092719A,25.5938,500,8.64062,1000,-37.9534,092719Ac1,Bursty suppressed by contrast,092719A,092719A,092719A,092719A,5.797053607914,25,24.2098214285714,-9.265625,-43.90625,137.5,12.5,15.047619047619,1.50666666666667,1.26860808339854,0.800647692178988,-11.1918103472222,1.51158268896295,282.44,17,98.4375,69.5685061486432,-37.9534025925926,NaN,18.7619047619048,3.09423238093867,-37.9895833333333
100819A,MultiPulse_IC_hold0,2,4145,155,100819A,29.6719,500,16.1562,1000,-38.1554,100819Ac1,OFF sustained alpha,100819A,100819A,100819A,100819A,NaN,50,28.090625,-10.7552083333333,-41.03125,150,25,22.3,0.946666666666667,1.38992779277884,0.989059843961121,-15.382461640625,1.39874184532843,5.62,12,56.25,99.828163123475,-38.177205703125,NaN,36.2666666666667,NaN,-30.7552083333333
040821A,MultiPulse,2,4361,75,040821A,64.5469,500,5.42188,500,-60.8582,040821Ac5,OFF transient medium RF,040821A,040821A,040821A,040821A,15417.864132206,400,41.5598958333333,9.8,-56.60625,233.13332,196.213035905934,36.2,0.444,0.283010086268984,0.355605111930697,-1.91209370833332,1.32107759212807,268.42,74,293.75,125.376825194522,-60.74215435,NaN,0.4,18264.7067854099,-59.503125
040821A,MultiPulse,5,4364,75,040821A,46.9844,500,7.09375,500,-49.8279,040821Ac1,ON alpha,040821A,040821A,040821A,040821A,12668.4242141933,250,36.7299107142857,2.1859375,-50.540625,999,92.6824678062065,27.3428571428571,0.624,0.44707740561931,0.0666944519991193,-3.81190739583332,1.51699903300843,52.18,52,189.0625,109.914281415258,-49.7716240364583,NaN,12.5714285714286,13597.763682091,-51.1390625
050818A,MultiPulse_CC_dark,3,4633,147,050818A,45.9625,500,15.1625,500,-43.1743,050818Ac4,Bursty suppressed by contrast,050818A,050818A,050818A,050818A,110.783360963156,87.5,38.915625,-7.1725,-45.78375,999,24.3680294486216,30.05,0.72,1.34623198224834,0.169600006603053,-15.66162625,1.59965459742302,18.1,40,138.3125,89.5544115687056,-43.2003159166667,NaN,50.2,103.368306867928,-43.41875
051121A,MultiPulse_wholeCell,2,4681,872,051121A,74.0156,500,1.15625,500,-58.3526,051121Ac2,ON horizontal OS small RF,051121A,051121A,051121A,051121A,7.82096933058424,414.286,58.390625,14.546875,-63.93125,999,117.739293937255,49.05,0.564,0.106685600661048,0.0182604807734255,-5.72564687499999,0.330863994689653,24.18,95,292.96875,120.541358610759,-58.3209840769231,NaN,14.6,9.25044283450213,-59.003125
051121A,MultiPulse,5,4684,872,051121A,41.3906,500,12.4375,500,-56.6543,051121Ac4,HD1,051121A,051121A,051121A,051121A,12.7463524914076,128.571,24.9105113636364,-5.7625,-51.328125,149.999772,45.9887398712399,24.0545454545455,1.04,0.18067115169503,0.230727776219511,3.06801595833333,0.622775754843475,112,50,88.28125,235.257801729456,-56.52031695,NaN,1.41818181818182,25.6043152116394,-57.509375
051821A,MultiPulse,5,4877,873,051821A,30.6719,500,9.89062,500,-42.6817,051821Ac5,ON vertical OS large RF,051821A,051821A,051821A,051821A,17462.3428621745,250,23.71484375,-13.1380208333333,-44.2265625,999,80.4272785635747,41.375,0.816666666666667,0.362588549194148,0.0348020051234713,-11.4168384375,1.02885761246164,25.02,62,111.71875,99.6512673240052,-42.6817044986979,NaN,48.8333333333333,17304.9406448287,-45.2239583333333
051821A,MultiPulse,6,4878,873,051821A,49.2344,500,9.125,500,-48.4272,051821Ac6,ON delayed,051821A,051821A,051821A,051821A,12.9806546614735,100,31.8325892857143,4.25260416666667,-48.3619791666667,195.238166666667,31.3741291177137,16.0595238095238,0.983333333333333,0.30793367281787,0.236145938010772,-3.40525880208333,2.30297383647491,48.98,40,136.71875,172.615306087545,-47.8703981076389,NaN,6.57142857142857,22.9066793576791,-48.125
051821A,MultiPulse,7,4879,873,051821A,37.4062,500,9.71875,500,-47.5468,051821Ac3,ON vertical OS large RF,051821A,051821A,051821A,051821A,5.41620108003444,128.571,26.177734375,-10.278125,-48.4875,499.5998,68.0077504833334,35.4875,1,0.245481050341793,0.124260355029586,-8.95646026785715,1.53031330141635,11.62,54,97.65625,131.200733877497,-47.2621957678571,NaN,39.55,6.95374518152132,-46.303125
051821A,MultiPulse,8,4880,873,051821A,38.0469,500,8.73438,500,-55.912,051821Ac9,ON transient small RF,051821A,051821A,051821A,051821A,13.767333885487,344.444,25.0691964285714,-10.8489583333333,-55.7317708333333,461.111,107.805367212121,36,0,0.187457863084398,0.0984801557165101,-4.32728249999999,3.07614793910136,68.5,76,11.71875,143.253449666171,-55.9119915208333,NaN,0,19.6993149431168,-55.6770833333333
051821A,MultiPulse,9,4881,873,051821A,53.2188,500,10.6719,500,-60.1347,051821Ac8,ON transient small RF,051821A,051821A,051821A,051821A,8.55282586753895,500,36.6519886363636,2.515625,-59.5572916666667,999,139.293646223197,38.969696969697,0.08,0.193593012248192,0.236529594194102,-4.32846272321428,1.14149765519227,60.56,88,187.5,186.30745012002,-60.1347129315476,NaN,0.212121212121212,17.1776274664279,-62.546875
052918B,MultiPulse,3,4908,622,052918B,71.4969,500,2.02813,500,-54.3008,052918Bc3,PixON,052918B,052918B,052918B,052918B,12.24563888387,150,66.9075,8.31145833333333,-56.1625,353,77.8126984126984,14.8333333333333,0.466666666666667,0.63883044863121,0.108592363799095,-4.45045012500001,0.849612065324606,143.3,30,274.15625,89.6457653049893,-54.3366385625,NaN,2.66666666666667,10.9048680947053,-55.3020833333333
052918B,MultiPulse_CC_hold0,4,4909,622,052918B,66.9688,500,3.61562,500,-53.8987,052918Bc1,OFF sustained alpha,052918B,052918B,052918B,052918B,NaN,250,65.1075,7.803125,-52.8025,999,126.37380952381,27.4,0.46,0.441285966752388,0.119969136395861,-6.44594031250001,0.851464850560213,23.9,55,292.625,92.7290583766494,-53.892643515625,NaN,2.8,NaN,-55.08875
072721A,MultiPulse,2,5226,66,072721A,60.1562,500,8.17188,500,-57.7193,072721Ac3,Local edge detector,072721A,072721A,072721A,072721A,7.17002178613132,288.889,41.48046875,11.5625,-54.496875,999,64.6827230988456,21.15,0.516,0.23511197239739,0.164605307621707,-6.62085065789473,1.10236600283418,257.06,44,170.3125,317.005703275728,-57.6093759078948,NaN,0.2,22.7910215169747,-55.146875
072721A,MultiPulse,5,5229,66,072721A,44.6719,500,8.54688,500,-59.3149,072721Ac5,HD2,072721A,072721A,072721A,072721A,9.39107391493886,277.778,26.234375,-0.034375,-57.853125,314.4446,73.1915170484598,27.9142857142857,0.132,0.242243914808576,0.075716468766749,0.354081562499992,0.727189491522228,41.44,69,182.8125,305.35629815628,-59.3149184875,NaN,0.0571428571428571,26.4227361705673,-58.1125
042221A,MultiPulse_stim500ms,5,5944,2501,042221A,64.6562,500,2.5625,500,-63.0075,042221Ac2,PixON,042221A,042221A,042221A,042221A,7.99794775929482,300,49.5625,3.03125,-61.665625,502.45713,89.1405046004574,24.75,0.72,0.214052839601944,0.638225255972696,-1.85081806818182,2.34605783548325,436.86,54,190.625,142.632740323114,-62.8895893409091,NaN,2.2,11.4831862620252,-60.525
052119A,MultiPulse_IC_hold0_control,3,5962,2508,052119A,51,500,6.04688,1000,-50.2341,052119Ac3,OFF sustained alpha,052119A,052119A,052119A,052119A,105.297260175542,250,41.7826704545455,-3.13020833333333,-47.21875,999,117.626528030303,38.4393939393939,0.273333333333333,0.509625938894445,0.0749947445600086,-12.0599509375,2.21664968979884,20.1,66,335.9375,63.5468955711598,-50.4014503571429,NaN,14.5454545454545,75.7959843677461,-47.4479166666667
052119A,MultiPulse_IC_hold0_control,5,5964,2508,052119A,36.1094,500,7.64062,1000,-39.3355,052119Ac4,OFF sustained alpha,052119A,052119A,052119A,052119A,1627.98906749155,25,25.2239583333333,-1.90625,-42.9947916666667,424.666666666667,12.5,65.0277777777778,0.64,1.01636220861064,0.85126050421912,-16.43407171875,2.55128469217851,169.64,82,164.84375,96.1108453097777,-39.4762367317708,NaN,59.3888888888889,1479.00136832256,-41.609375
110118B,MultiPulse_CC,2,6405,2617,110118B,55,500,4.8125,500,-55.3322,110118Bc4,OFF sustained alpha,110118B,110118B,110118B,110118B,NaN,200,39.359375,4.82142857142857,-60.2455357142857,214.285714285714,75.3849810842016,49.2142857142857,0.54,0.260186047720275,0.0340804570887697,-8.69165187500001,0.49943326134873,2.96,88,282.8125,139.853601711863,-55.3421954910714,NaN,49.4285714285714,NaN,-54.3526785714286
101119A,MultiPulse_IC_hold0_good,3,6720,2690,101119A,37.2969,500,5.92188,1000,-45.7936,101119Ac4,OFF sustained alpha,101119A,101119A,101119A,101119A,1286.69301714163,237.5,29.34375,-0.5625,-49.25,999,88.1696428571429,57.5,0.573333333333333,0.451483474168955,0.0295268802086302,-14.1301745138889,1.25986704471791,18.02,90,194.53125,91.9680175755932,-45.7935843055556,NaN,26.6666666666667,878.279855957497,-45.0729166666667
011423A,MultiPulse,2,6895,1723,011423A,45.9204,500,11.7861,500,-56.7388,011423Ac13,OFF transient medium RF,011423A,011423A,011423A,011423A,3.23583296289825,300,26.2931318046657,2.04375813426994,-57.9941396810582,815.56364,148.474945922499,35.9,0,0.248599916118434,0.121191527427806,-0.365383104576132,1.53158188903933,145.28,76,19.3213801774249,141.40601578456,-56.7387523854281,NaN,0,4.50289502113697,-57.7010987321477
011423A,MultiPulse,3,6896,1723,011423A,50.7668,500,7.71246,500,-57.2924,011423Ac12,F-mini-OFF,011423A,011423A,011423A,011423A,2833.62649093951,200,37.7866461395279,12.4096525733535,-60.0003430719624,831.9272,93.2828883333333,10.2,0,1.20914943086868,0.222814653412096,5.56192974260939,1.51774753189323,380.74,26,18.5163207449499,188.341158932141,-57.2924242364023,NaN,0,5044.6187157862,-53.2346403497592
011423A,MultiPulse,6,6899,1723,011423A,39.4316,500,5.42609,500,-59.8859,011423Ac9,F-mini-ON,011423A,011423A,011423A,011423A,6.41627744970097,163.636,26.2850776724442,1.1775174829193,-60.9181086388414,127.27256,51.6029943204191,15.3,0,0.318058464373144,0.0403060897696234,9.80840945337683,0.987167891908152,336.98,32,14.4910345391999,325.918578950962,-59.8858796436304,NaN,0,29.4647535731689,-60.2257591337869
011423A,MultiPulse,9,6902,1723,011423A,26.6796,500,4.81425,500,-62.5644,011423Ac8,F-mini-ON,011423A,011423A,011423A,011423A,8.94603727316853,163.636,19.2784060185257,-2.02982385079599,-62.8341456750411,98.18172,44.301728750731,12.8,0,0.248085386147933,0.0507516644840518,9.82180329579653,0.839583700691092,141.5,27,17.7112669458495,288.354929565302,-62.5644292901107,NaN,0,25.3267287552748,-62.1836591209595
011423A,MultiPulse,13,6906,1723,011423A,45.212,500,10.4014,500,-61.1033,011423Ac7,HD1,011423A,011423A,011423A,011423A,13.5067661300669,200,33.8794481996251,-7.04693190185925,-63.6005605437029,999,71.272756,30.6,0,0.11495284631067,0.126589982296572,5.40692104253413,0.638816086959189,132.94,64,16.1011534422506,223.328815258346,-61.1033175869855,NaN,0,30.6933024297692,-62.9436335081575
011423A,MultiPulse,14,6907,1723,011423A,36.1953,500,11.8988,500,-54.838,011423Ac10,F-mini-OFF,011423A,011423A,011423A,011423A,5.58242090443836,163.636,21.7821329998045,3.74081513829258,-56.136067053904,119.99996,61.502536,10.9,0,0.507095596117882,0.200570517537069,3.18303677162454,1.30151758234774,86.2,26,22.5416069198999,201.18174604057,-54.8380090503091,NaN,0,11.3117319473277,-54.5678152526312
011423A,MultiPulse,15,6908,1723,011423A,65.5799,500,12.3013,500,-60.6885,011423Ac3,HD2,011423A,011423A,011423A,011423A,8.57338194984376,200,49.1057375576656,14.6058434425886,-61.2047091088603,802.83636,93.2066413181818,28.4,0,0.168786393711886,0.0373680494136438,0.170450208980817,0.335560549616676,312.36,59,16.9062090788252,233.055164570353,-60.6885294910893,NaN,0,19.9387176927665,-61.0340368720148
011323A,MultiPulse,2,6910,1633,011323A,41.0901,500,11.1903,500,-51.4193,011323Ac11,F-mini-ON,011323A,011323A,011323A,011323A,7.94436478629011,200,26.8727697779768,1.55428408617991,-47.203151746198,40.00002,81.4112911428571,6.9,0,0.4234550707084,0.302093491224605,0.665341261942025,1.23297765956336,89.58,15,19.3213683666077,211.073848120305,-51.4193029244352,NaN,0,16.8502509942203,-47.2417943942595
011323A,MultiPulse,3,6911,1633,011323A,50.6863,500,12.1564,500,-60.6476,011323Ac13,F-mini-ON,011323A,011323A,011323A,011323A,6.54564936377003,200,30.1225139077979,9.19587151002292,-61.3045362396885,47.27276,81.6398012987013,11,0,1.97346152524874,0.302300695559123,1.46268252719728,2.62103796899145,200,24,15.2960946134002,204.708122793379,-60.6476024146455,NaN,0,13.6754689804655,-60.9792929844701
011323A,MultiPulse,4,6912,1633,011323A,49.9618,500,1.17538,500,-68.3549,011323Ac8,HD2,011323A,011323A,011323A,011323A,3.91344189710425,200,38.7473549840301,5.05466602224375,-67.7675393674727,810.1091,112.898582412088,21.7,0,0.398597473581599,0.2472498663814,2.19506704803446,1.03859564259637,62.4,53,14.4910388020499,277.18949113594,-68.3548819372293,NaN,0,11.8329721664978,-67.8738070323381
011323A,MultiPulse,6,6914,1633,011323A,45.5823,500,3.33294,500,-61.2358,011323Ac9,Local edge detector,011323A,011323A,011323A,011323A,8.24019562216232,150,40.9478399567689,0.755669074361767,-62.2673852315787,999,56.636357,14.2,0,0.115046247784424,0.0799698795180723,-1.23186837515596,0.342850086097592,197.62,30,22.5416090313249,335.605890256097,-61.235762095316,NaN,0,27.0454884201024,-62.3285696248853
011323A,MultiPulse,7,6915,1633,011323A,54.2608,500,8.67853,500,-61.4191,011323Ac2,Local edge detector,011323A,011323A,011323A,011323A,4.6029412478234,127.273,35.4224660813144,0.114843491282084,-62.1031535065585,105.45452,41.991149189261,15.1,0,0.949801478422301,0.22634279120863,8.51106418218207,1.41895594853034,249.46,35,17.7112687533754,325.18208228747,-61.419091743318,NaN,0,14.8958135596881,-63.5715786806802
011323A,MultiPulse,8,6916,1633,011323A,54.4379,500,12.4784,500,-57.1862,011323Ac14,Local edge detector,011323A,011323A,011323A,011323A,10.9803710464345,200,49.1218257068321,18.1706278992293,-56.8187558989962,999,66.112588,20.4,0,0.136217799517739,0.152051681975767,-3.21802715072334,0.318600537315107,148.52,44,20.1264370161752,289.958308209379,-57.1861826482561,NaN,0,30.4073559061665,-56.3936855522083
011323A,MultiPulse,9,6917,1633,011323A,49.9618,500,5.00746,500,-61.7217,011323Ac6,ON transient small RF,011323A,011323A,011323A,011323A,3.29254871580862,250,32.757735031865,4.20130711338409,-60.2096581785701,999,131.003082079653,33.0666666666667,0.08,0.301587019720112,0.190747030288813,0.740743582394138,1.1555774512879,36.58,73,260.838214025882,157.206910353309,-61.7217146991778,NaN,0.266666666666667,5.16698634379487,-59.3691780330702
011323A,MultiPulse,13,6921,1633,011323A,33.5065,500,4.29901,500,-64.1127,011323Ac3,F-mini-OFF,011323A,011323A,011323A,011323A,7.57138018787063,200,25.1660570126229,3.46387533861726,-64.9144151244295,90.90922,79.3506875,9.9,0,0.278495595002441,0.162213000320185,3.82930975665607,0.76857910037237,52.84,23,16.9062054362502,235.069735735514,-64.1127381485301,NaN,0,16.6715819666841,-61.4333459805609
011323A,MultiPulse,15,6923,1633,011323A,46.3712,500,3.94478,500,-62.9219,011323Ac4,F-mini-ON,011323A,011323A,011323A,011323A,6.90832548032879,200,27.7207669928553,1.87952668431848,-62.7214376218165,76.3637,62.4718910833333,8.4,0,0.360604013446162,0.32491419065807,5.17184873478162,1.82986730858669,47.38,21,16.9062103197746,189.875394971747,-62.9218585587491,NaN,0,13.290767271776,-62.6570330076145
011023A,MultiPulse,9,6955,2061,011023A,39.1901,500,5.31338,500,-64.2434,011023Ac9,F-mini-ON,011023A,011023A,011023A,011023A,8.36760159261094,200,19.474300841384,-8.09136686941889,-66.989283892788,999,73.9234710526316,22.5,0,0.821126217191305,0.0997218701309465,-0.795426187325887,1.09825784333122,31.88,45,30.5921549286154,266.920726452677,-64.8413624270529,NaN,0,22.3348629576629,-65.9266090282478
011023B,MultiPulse,2,6957,2061,011023B,47.8412,500,5.99223,500,-64.6746,011023Bc5,ON transient small RF,011023B,011023B,011023B,011023B,7.00955800721969,200,43.0463469864603,4.25968408279529,-64.9731469289801,999,85.2377117052139,27.9,0,0.105622688617552,0.225636415592456,0.638561723789977,0.582207194936617,88.18,61,22.5514115816996,150.975517237682,-64.6746396179944,NaN,0,11.7282239566001,-64.4899023923533
050223A,MultiPulse,2,6989,1832,050223A,58.7369,500,16.2944,500,-57.5228,050223Ac4,ON vertical OS large RF,050223A,050223A,050223A,050223A,4.87544999277814,81.8182,39.0505854802275,6.12055960053806,-46.8102835481323,256.364,20.1361680986099,14.25,0.576,0.81565609286732,0.2102689356838,-1.74838453542691,2.12482873534506,26.12,30,235.076447463705,149.540368568245,-57.5227646041758,NaN,4.2,7.20511584660826,-55.2859265398236
051123A,MultiPulse,2,6993,1614,051123A,51.266,500,6.63368,500,-44.1589,051123Ac3,OFF horizontal OS - symmetric,051123A,051123A,051123A,051123A,13.7148468721733,81.8182,37.6095255990103,13.7557049836512,-44.1278333893694,234.5456,29.9479903236957,18.8166666666667,0.848,0.227566976478302,0.223958145097859,-7.03510934263353,2.45693149333194,19.7,31,175.502189920352,214.823240064525,-44.1588560753698,NaN,20.4666666666667,28.40461445404,-46.1114945220808
051123A,MultiPulse,4,6995,1614,051123A,41.557,500,14.8614,500,-51.8627,051123Ac7,PixON,051123A,051123A,051123A,051123A,21.9131805817811,190.909,22.6891647472406,5.55057932643698,-52.5809337401341,267.2728,62.6020755336257,27.6,0.932,0.0569111736866694,0.0259171062733315,0.269748208580317,0.21074567153625,31.46,59,141.68988826193,100.279432834151,-51.862731954993,NaN,1.6,20.2769545861385,-51.7565551278463
051123A,MultiPulse,5,6996,1614,051123A,57.7064,500,0.225416,500,-52.6994,051123Ac8,OFF transient medium RF,051123A,051123A,051123A,051123A,10.1094558088839,81.8182,40.1857107955479,12.1423741932904,-55.3728726467869,136.364,27.2698132037214,36.6166666666667,0.54,0.128986720796246,0.025749245581811,-2.51059095763316,0.697507807452366,29.56,71,309.946571186658,148.668250296067,-52.6993810196407,NaN,29.2666666666667,14.6475237964426,-50.8452324763851
051123A,MultiPulse,7,6998,1614,051123A,73.2279,500,4.46002,500,-56.9581,051123Ac4,M2,051123A,051123A,051123A,051123A,2.51256702914797,300,47.9518193972544,18.3767220255225,-57.2470464395007,999,128.18213,27.45,0.644,0.222932085960337,0.39505979424513,-8.5172990335202,1.1359157571138,106.74,53,316.387068217243,123.730656619125,-56.958118222862,NaN,6.6,3.15306343944611,-60.270842360635
051123A,MultiPulse,9,7000,1614,051123A,54.2769,500,20.4002,500,-60.4747,051123Ac10,ON transient small RF,051123A,051123A,051123A,051123A,12.5586828195341,245.455,39.2142889126682,4.92907680492374,-51.9207867326891,804.65454,109.96215848331,25.5333333333333,0.656,1.16913477659882,0.17474865217427,-3.63037194190301,2.13502945315055,274.18,55,209.314572313365,151.879368429537,-60.4747181326579,NaN,3.73333333333333,19.1759887828216,-58.1519312579461
051123A,MultiPulse,11,7002,1614,051123A,38.0309,500,10.7878,500,-56.7398,051123Ac1,OFF vertical OS - asymmetric,051123A,051123A,051123A,051123A,16.526586021302,190.909,25.5793180038806,-1.90423546244226,-55.1764386614681,999,56.9507500047655,30.45,0.676,0.236439435000159,0.0506829886634581,-2.39169276084976,2.42521511994765,56.7,61,189.99331517523,180.451257441074,-56.7397528665546,NaN,5,18.7886329015755,-50.8935341067772
061223A,MultiPulse,14,7014,2927,061223A,57.2234,500,13.3318,500,-53.9796,061223Ac27,ON transient small RF,061223A,061223A,061223A,061223A,14.3558645853765,221.739,40.2219402052572,0.0826422652614651,-52.970581630546,719.4,63.4903414814815,26.5166666666667,0.796,0.340367168954649,0.220818975392126,-10.9836121408515,2.57581681086162,47.1,55,188.383157094278,153.773234554969,-53.979612671877,NaN,2.46666666666667,22.0131498736974,-51.2284380635275
061223A,MultiPulse,20,7020,2927,061223A,56.3057,500,4.97526,500,-59.0921,061223Ac26,ON transient medium RF,061223A,061223A,061223A,061223A,2248.89544751936,300,39.1025228903518,-1.63051606334479,-59.095458298143,10.2041,195.29791627907,36.3953488372093,0.4,0.415949012999954,0.164516034133531,-7.35682854768699,3.92138375312423,222.84,71,312.361892010247,86.2294237670075,-59.0163506989275,NaN,3.58139534883721,1939.20958551841,-59.417481305701
061223A,MultiPulse,24,7024,2927,061223A,65.6282,500,7.27773,500,-55.7811,061223Ac24,ON bursty,061223A,061223A,061223A,061223A,7.48508896424575,300,56.2224339997561,14.5994028979539,-53.943090773419,32.2033666666667,171.512488095238,37.6888888888889,0.306666666666667,0.244757217431621,0.175498062106311,-7.14197374905926,2.04002978355716,442.94,79,272.10897342084,90.5960507664948,-55.7810688004032,NaN,0.0888888888888889,6.67115211602884,-52.0377885321966
061423A,MultiPulse,2,7030,1725,061423A,63.7604,500,16.6325,500,-57.0038,061423Ac8,ON DS sustained - temporal,061423A,061423A,061423A,061423A,10.123956260679,300,47.7881285082716,14.9321591807405,-57.458508076754,683.241366666667,153.037444444444,36.8333333333333,0,0.104778100345086,0.172708155137067,-7.29884591122904,0.758669898806438,60.38,75,14.4910343143248,66.4875194958998,-57.0037694602918,NaN,0,8.92675866637211,-56.8788667048965
061423A,MultiPulse,5,7033,1725,061423A,60.3309,500,20.5451,500,-49.7108,061423Ac7,ON horizontal OS small RF,061423A,061423A,061423A,061423A,21.9931316405674,196.552,40.1647736035528,13.9070554554982,-47.271849703863,999,63.3116994824312,41.7888888888889,0.506666666666667,0.259190140935951,0.0952586334289028,-8.34531045738191,2.40306495968252,41.62,80,277.74438586386,100.389040048728,-49.7108398847495,NaN,13.1555555555556,21.703794668837,-47.1001042500443
061423A,MultiPulse,6,7034,1725,061423A,51.6846,500,11.464,500,-52.215,061423Ac3,ON vertical OS small RF,061423A,061423A,061423A,061423A,5679.01249984812,300,37.6691153914018,-4.19059348444065,-56.6883364482805,258.6205,52.818958625,17.7833333333333,1.17,0.580933587891416,0.128342245989305,-12.1672739987956,1.80651536447174,42.06,31,91.7764015486551,104.981050240446,-52.2149647757177,NaN,14.1333333333333,5909.19971684168,-49.3059610497162
061423A,MultiPulse,8,7036,1725,061423A,68.301,500,4.36341,500,-51.9163,061423Ac4,ON alpha,061423A,061423A,061423A,061423A,22416.0280146207,300,46.7737519717747,21.83953239368,-53.2239061767465,697.034466666667,193.103533333333,15.5,0,0.593501053632611,0.972135740971357,-4.2038708611773,1.37480754934931,171.3,33,17.7112619102751,58.0544780687692,-51.9163066043997,NaN,0,12799.3616714004,-52.434949997651
061423A,MultiPulse,10,7038,1725,061423A,45.5018,500,9.6607,500,-47.6204,061423Ac9,OFF transient alpha,061423A,061423A,061423A,061423A,35.9234992234507,279.31,33.9862513951768,1.04763592282913,-49.4508710927865,759.103333333333,62.1075489960317,41.7222222222222,0.486666666666667,0.463713714196852,0.0624440013567393,-11.4282914290577,2.4461910350513,17.78,65,235.076407815532,92.6598983000932,-47.6203944131039,NaN,47.5555555555556,36.6591924218651,-48.0500717004965
061323A,MultiPulse,3,7040,1724,061323A,61.2486,500,12.9453,500,-57.0129,061323Ac7,HD2,061323A,061323A,061323A,061323A,5.29602321949102,175.862,39.160056985404,17.498668179314,-52.6378082798288,272.414,67.7713889197531,27.5222222222222,0.453333333333333,0.355786501903544,0.0758576847193081,-0.153153028735673,1.72843895374875,35.26,57,193.213393328437,329.975227025383,-57.0129404755486,NaN,0.0888888888888889,17.092980291595,-57.0065815726576
061323A,MultiPulse,4,7041,1724,061323A,62.5367,500,23.3145,500,-45.8854,061323Ac10,ON DS sustained - direction unknown,061323A,061323A,061323A,061323A,16.9947696235752,300,57.7109945565161,24.4221445637017,-46.5301130078295,999,106.309325277778,31.5,0,0.0478424628548126,0.0382483868492492,-2.1855202268721,0.177470582521823,49.46,64,35.4224815602052,84.7777237056371,-45.8071774480973,NaN,0,14.4096240459136,-45.7357906861667
061323A,MultiPulse,8,7045,1724,061323A,46.178,500,25.2144,500,-50.8218,061323Ac4,ON vertical OS small RF,061323A,061323A,061323A,061323A,8.27064038339437,31.0345,30.7767465934819,5.92733674532696,-52.2513809508666,99.9998666666667,11.7917931668629,23.3222222222222,0.686666666666667,1.42985240918673,0.19724797949912,-8.73358520908108,2.67859997819168,31.72,43,215.75499269766,205.452064925994,-50.8218194613483,NaN,15.9555555555556,16.8531517252578,-47.2278286538851
061323A,MultiPulse,11,7048,1724,061323A,84.9173,500,11.786,500,-54.3325,061323Ac5,ON transient small RF,061323A,061323A,061323A,061323A,9.47702135794685,217.241,76.6662102596719,21.1375186683802,-55.718490988782,669.448266666667,53.1800383333333,14.6666666666667,0,0.455969414326876,0.0687206768482945,-1.89006191317264,1.9056827147497,316.04,31,25.7618104073799,437.270874980594,-54.3324722012034,NaN,0,40.3937317245361,-55.0637116695756
062323A,MultiPulse,9,9071,1752,062323A,48.883,500,9.8217,500,-61.499,062323Ac4,M6,062323A,062323A,062323A,062323A,1184.59550001794,300,34.0184492301339,-9.14330650063083,-54.623614166808,9.3837,69.1024557936508,24.9,1.42,0.311775473027852,0.20453638798655,-3.83652920898284,0.713947428324606,414.18,50,104.657308508605,242.18040257226,-61.4990322612302,NaN,0.266666666666667,2893.27478606336,-60.3126807897159
080123A,MultiPulse,3,9160,2801,080123A,51.3948,500,4.73373,500,-58.1403,080123Ac1,ON alpha,080123A,080123A,080123A,080123A,10945.6201499129,300,19.1238389019557,2.3099533828454,-59.40028308438,366.27535,196.072772275132,17.3666666666667,0.146666666666667,0.450759840284772,0.226933075109238,-4.14687119865143,1.15161566760034,418.48,37,310.75167797078,66.757694532302,-58.1402618602032,NaN,0.133333333333333,7318.51369451627,-57.4037427135217
080423A,MultiPulse,3,9274,2184,080423A,61.6995,500,8.21158,500,-47.6046,080423Ac2,ON OS large RF - orientation unknown,080423A,080423A,080423A,080423A,2875.49132884951,223.929,51.5622215243679,9.04021836176886,-51.6180697728754,999,36.7477120952381,34.0111111111111,0.8,0.490981351646115,0.0672095570664433,-11.5095201525884,1.18694630469976,24.32,59,204.48420398588,162.934741209627,-47.6045776284056,NaN,24.7111111111111,4828.89198954768,-50.329979416554
081123A,MultiPulse,13,9292,2804,081123A,62.247,500,10.8683,500,-56.4949,081123Ac1,ON alpha,081123A,081123A,081123A,081123A,6663.12849667295,500,37.1667643781235,2.36256016273204,-52.7569732560876,349.465933333333,232.878421794872,36.2,0.32,0.222480962083169,0.189342864183535,-7.03292486701437,0.970085425801398,493.42,74,273.719145486018,82.4272594472669,-56.4949407905448,NaN,0.133333333333333,5413.66750682664,-55.9664683770665
083023A,MultiPulse_Whole_cell_Voltage_clamp,4,9305,1842,083023A,70.7,500,9.48359,500,-50.6097,083023Ac2,ON-OFF DS - ventral,083023A,083023A,083023A,083023A,7579.74970315602,500,61.8046909886509,17.0414038536326,-59.1974322504513,667.666666666667,209.658732063492,45.8,0.593333333333333,0.15604067739129,0.770176544766709,-11.4061214711636,1.14311982281507,208.34,93,202.068973704228,72.8382807937543,-50.6096672377937,NaN,4.53333333333333,5521.51012651428,-51.9197133175805
110623A,MultiPulse,3,9337,3036,110623A,61.5063,500,6.18284,500,-54.3127,110623Ac2,ON alpha,110623A,110623A,110623A,110623A,7953.37759395963,250,47.013126702594,4.92906778048441,-50.3836498494215,17.3329,155.042935620915,26.1222222222222,0.546666666666667,0.263851195139206,0.202576801461761,-5.2323632673315,1.61481134121886,346.38,54,218.97520864511,102.557622977293,-54.3127447529324,NaN,3.15555555555556,7940.06066102435,-45.1346829208053
111223B,MultiPulse_Whole_cell_Voltage_clamp,5,9368,3138,111223B,71.8262,500,5.28348,500,-64.7765,111223Bc11,ON alpha,111223B,111223B,111223B,111223B,6.32266379128873,500,59.8986980962485,11.2620898875863,-64.7737590610115,671.747133333333,198.345412626263,56.8555555555556,0.286666666666667,0.113529542942957,0.0998271524956072,-9.82246936909252,0.880544076041298,243.8,114,391.42806139122,60.4379755986861,-64.7765283568275,NaN,4.08888888888889,3.79979155696503,-64.4247489459238
111323A,MultiPulse_Whole_cell_Voltage_clamp,12,9369,3142,111323A,77.865,500,17.7435,500,-60.6031,111323Ac1,ON alpha,111323A,111323A,111323A,111323A,31.4878912043492,500,47.2600032171471,19.8601641223792,-60.1624033255915,347.845133333333,192.625928571429,44.3333333333333,0,0.146049121799257,0.633810727323785,-11.2233816267045,0.896343726558853,109.54,90,35.4224913703952,66.5066477737451,-60.6031450054068,NaN,0,20.9288166400527,-59.4324853252109
111323A,MultiPulse_Whole_cell_Voltage_clamp,5,9378,3142,111323A,71.4246,500,9.8861,500,-64.9894,111323Ac11,OFF transient alpha,111323A,111323A,111323A,111323A,10.4132527139776,359.843,37.2687236530873,17.8958288814992,-64.982009180247,353.627233333333,151.599951190476,39.5,0,0.199391757557282,0.470907227814829,-0.760012539843302,1.57501206476294,95.84,84,30.5921541219647,135.626968884334,-64.9894500293286,NaN,0,14.5662794398914,-64.4667728978354
111323B,MultiPulse_Whole_cell_Voltage_clamp,7,9387,3142,111323B,58.7948,500,8.05408,500,-57.6344,111323Bc10,ON alpha,111323B,111323B,111323B,111323B,13422.6787725393,500,19.4564980459574,17.434003867857,-57.1145167245263,383.924333333333,294.328710902256,38.3333333333333,0,0.24453920439184,0.944363952477543,-5.36222113960255,2.08209859499523,300.34,84,22.5514114613652,59.6934600832561,-57.6344154360289,NaN,0,8369.07990905062,-57.4044634451102
111423A,MultiPulse_Whole_cell_Voltage_clamp,5,9399,3141,111423A,79.6361,500,6.89129,500,-59.3496,111423Ac7,ON vertical OS small RF,111423A,111423A,111423A,111423A,16.9273497290774,500,54.3702551330627,14.3535845049048,-48.4193121098827,343.948293333333,161.8055,42.6111111111111,0.833333333333333,0.16457661485733,0.783882177726295,-4.11260181243389,1.62847737383517,108.66,89,286.599945207265,124.425899842645,-59.3495692324334,NaN,1.11111111111111,20.8785936018632,-59.0031218103663
112823B,MultiPulse_Whole_cell_Voltage_clamp,45,9448,3199,112823B,66.6878,500,0.289947,500,-54.865,112823Bc47,OFF sustained alpha,112823B,112823B,112823B,112823B,11011.8188298682,300,56.486990983674,1.40927086818512,-57.9653775488222,999,155.315791666667,49.7222222222222,0.38,0.36869823237665,0.0614966879919748,-6.37758034880172,1.18762265770923,80.04,93,391.428055105685,89.294619796209,-54.8649567968659,NaN,29.5555555555556,9153.85934724962,-55.130342243438
013024A,MultiPulse_Whole_cell_Voltage_clamp_control,2,9536,3144,013024A,65.4672,500,13.5894,500,-54.2183,013024Ac11,ON-OFF DS - direction unknown,013024A,013024A,013024A,013024A,13.2179617800397,200,57.3715080987336,7.19395754014449,-52.7880852201905,732.666666666667,63.4783724603175,30.5444444444444,0.613333333333333,0.433759538481727,0.653678543963086,-8.38383187032146,0.924441062304894,87.6,65,217.365106361105,172.445009417039,-54.218271750783,NaN,1.51111111111111,22.7892559569482,-53.3033213926556
101323A,MultiPulse_Grami_1,7,9695,2830,101323A,54.7438,500,2.93041,500,-57.993,101323Ac8,ON-OFF DS - nasal,101323A,101323A,101323A,101323A,15.7136676928353,300,46.3540561199327,-1.64018656981835,-59.7330397913576,668.23285,117.06827047138,39.1888888888889,0.626666666666667,0.128808410757106,0.817854571634269,-6.77295789743479,1.15662102725402,216.86,78,173.89209093669,110.603262561645,-57.9929932927014,NaN,0.755555555555556,17.5164616488945,-57.0817200825228
101323A,MultiPulse_Grami_1,8,9697,2830,101323A,45.5984,500,5.53879,500,-48.1831,101323Ac7,ON sustained - subtype unknown,101323A,101323A,101323A,101323A,7.76337983118027,300,41.3283524322362,5.34769658869799,-47.6464579533151,340.035633333333,122.856967905526,47.2888888888889,0.76,0.0875813303561633,0.697041636230825,-9.52740810433419,0.985765735496367,161.74,93,214.144895281905,149.138599813239,-48.1831097230222,NaN,11.1555555555556,11.6784012538395,-46.4227725278354
100523A,MultiPulse_Whole_cell,2,9730,2098,100523A,84.6275,500,3.73546,500,-60.6767,100523Ac6,OFF transient alpha,100523A,100523A,100523A,100523A,4087.13020474087,300,70.3812062290235,24.9803162621991,-62.7707868300011,999,106.755530769231,46.6,0.44,0.120043527133135,0.081906942465579,-3.96182838483221,1.10974998159043,122.1,91,357.444755201946,233.628107926059,-60.6766899273524,NaN,4.4,9548.68496581057,-65.185956862651
020322A,MultiPulse_Whole_cell_Voltage_clamp,3,9763,1126,020322A,59.0589,500,14.7648,500,-58.3274,020322Ac2,F-mini-ON,020322A,020322A,020322A,020322A,14.4323885154866,300,39.077422927146,5.87582269284192,-52.0721376891663,419.59998,116.994264865079,31.64,0.404,0.412143208979227,0.123526356359417,-6.40659223478001,1.54492511733052,118.44,65,221.390466642605,131.339555077072,-58.3274181039344,NaN,0.96,18.9262568134463,-55.5371047159726
020322A,MultiPulse_Whole_cell_Voltage_clamp,8,9764,1126,020322A,52.7956,500,2.46348,500,-57.7894,020322Ac3,ON OS large RF - orientation unknown,020322A,020322A,020322A,020322A,2.59313303462135,300,38.0083181815099,-1.90745527746009,-60.8504837401265,999,134.674757044229,43.68,0.824,0.136449957642464,0.309013519125577,-6.89690219513729,0.905377109306879,34.32,88,146.520241769002,155.474021153608,-57.7894192192339,NaN,3.52,4.03227265095073,-58.45785293721
020322A,MultiPulse_Whole_cell_Voltage_clamp,7,9768,1126,020322A,30.6082,500,3.68717,500,-58.681,020322Ac7,F-mini-ON,020322A,020322A,020322A,020322A,9.23007164901651,233.333,23.958464565411,2.54611282660326,-56.4419898154427,113.3334,35.3986346428571,10.26,0.192,0.13756277554816,0.0838642617355693,6.73544099010586,0.98763124174487,81.08,29,92.5814579558375,283.454206897581,-58.6810374615714,NaN,0.24,26.1159613348517,-56.8702799201401
020322A,MultiPulse_Whole_cell_Voltage_clamp,2,9770,1126,020322A,4.2668,500,1.59402,500,-67.3062,020322Ac9,ON-OFF DS - ventral,020322A,020322A,020322A,020322A,4.76516379112377,300,2.23483861026639,9.41978710398103,-39.9333954228429,539.6,148.522777254902,5.7,0,0,0.319583440208554,-2.49843555426217,1.65223256228513,29.68,34,16.9062132161997,58.0944982192562,-67.3062187276856,NaN,0,2.86485851099732,-66.1101937556103
110823A,MultiPulse_Whole_cell_Voltage_clamp,5,9779,2984,110823A,71.7788,500,4.31511,500,-52.9103,110823Ac4,ON alpha,110823A,110823A,110823A,110823A,18715.9282707511,500,57.4445035916744,8.72893021766942,-50.1904362803869,672.212666666667,204.244305741627,30.9333333333333,0.406666666666667,0.344689230858768,0.367201199655901,-9.60210138982318,1.42487168120004,301.84,60,297.870688682315,75.4253998227195,-54.5313222550146,NaN,7.73333333333333,14466.4659251779,-57.8223721666952
042224A,MultiPulse_Whole_cell_Current clamp,2,9859,2889,042224A,53.7456,500,4.66933,500,-64.3935,042224Ac1,ON alpha,042224A,042224A,042224A,042224A,2559.65232636656,200,20.4806290979467,-7.2433747402331,-64.5097092557679,54.8099,133.106422222222,16.6666666666667,0,0.44227046808578,0.525265430195163,-4.18783594789655,1.41846129399031,271.14,37,27.3719268521102,88.4858375199194,-64.3934770288429,NaN,0,2269.97528356558,-63.5436412449958
070324A,MultiPulse_Whole_cell_Voltage_clamp,3,10181,3573,070324A,69.5568,500,7.43873,500,-67.7413,070324Ac1,F-mini-ON,070324A,070324A,070324A,070324A,12.6311571627751,150,33.0105164432382,15.2123107079209,-67.6440633684543,355.054733333333,72.7462078632479,23,0,0.29154456613501,0.269791060953962,-0.676625246921617,1.14658932517708,65.02,49,40.2528354570798,211.194395871681,-67.7413182592014,NaN,0,26.6821829452269,-67.2254338910662
081224B,MultiPulse_Whole_cell_Voltage_clamp_control,5,10239,3601,081224B,57.3933,500,4.55861,500,-63.1939,081224Bc1,ON transient small RF,081224B,081224B,081224B,081224B,165.176500635176,300,42.0841575385133,-5.83939691191942,-63.1790513218537,11.0065033333333,140.874744488017,38.0222222222222,0.246666666666667,0.329590612639536,0.613525835866261,-4.67933556048827,1.0986897996378,368.94,84,301.222427290375,90.6512096995066,-63.1938568225381,NaN,0.0888888888888889,148.858940839489,-63.098510538789
081224B,MultiPulse_Whole_cell_Voltage_clamp,4,10240,3601,081224B,52.722,500,1.93298,500,-61.2839,081224Bc2,Local edge detector,081224B,081224B,081224B,081224B,177.360612843701,200,36.2036077640729,-4.35207769956635,-64.591199998723,999,46.0251601287879,43.6555555555555,0.886666666666667,0.132784194589987,0.0624769316423432,-2.19117681606837,1.28408683409709,74.1,89,165.91395424398,362.999130219205,-61.2838987236422,NaN,4.62222222222222,648.808966186741,-60.1238706858987
081224B,MultiPulse_Whole_cell_Voltage_clamp_control,3,10242,3601,081224B,48.3728,500,9.31052,500,-54.0962,081224Bc4,HD1,081224B,081224B,081224B,081224B,115.404106504485,150,38.0721519704928,-0.0458321613048701,-54.7491156426302,999,39.6004982777778,27.2555555555556,1.12,0.173473900898588,0.091449125618214,-0.890152153756404,1.00323348974145,87.76,63,95.0380862671474,353.595433101478,-54.0961977751742,NaN,2.35555555555556,419.645677628515,-51.0496092050028
081224B,MultiPulse_Whole_cell_Voltage_clamp_Yoda1_20uM,2,10243,3601,081224B,46.6975,500,6.1211,500,-52.6252,081224Bc5,ON transient EW6t,081224B,081224B,081224B,081224B,5.82973927483798,200,27.6287002549091,1.13757996079619,-52.9697013753823,214.13148,85.2833012012987,38.5,0,0.105084442593048,0.348910041705746,-1.40657609459895,0.983676399865877,159.8,78,12.0811168888,234.27276543472,-52.6252281745089,NaN,0,13.0991168567484,-52.4639052910667
121124B,MultiPulse_Whole_cell_Voltage_clamp,4,10428,3835,121124B,67.1388,500,0.998705,500,-51.4757,121124Bc4,ON alpha,121124B,121124B,121124B,121124B,7552.13860428609,150,57.8669194964916,14.3305000309424,-54.5157350211736,999,73.5504659259259,25.5333333333333,0.58,0.216251801817283,0.799671322925226,-4.08017532614794,1.13090603032169,94.84,49,252.897959374093,278.814786276541,-51.4342650573809,NaN,4.13333333333333,21056.4791088484,-47.9758257868828
011625B,MultiPulse_Whole_cell_Voltage_clamp,9,10456,3590,011625B,65.8823,500,3.99482,500,-66.8884,011625Bc3,M6,011625B,011625B,011625B,011625B,18.9763579700942,300,45.1414807020022,-0.972243229686363,-66.5324159322408,103.899516666667,82.9761333333333,26.0444444444444,0.366666666666667,0.204572838519366,0.555089765788754,0.331989538282002,1.04193631459813,217.74,58,96.648901021265,177.770210342446,-66.88840308904,NaN,0.844444444444444,33.3187471714956,-64.6531316155152
012925A,MultiPulse_Whole_cell_Voltage_clamp,4,10474,3880,012925A,53.0049,500,6.69807,500,-63.0671,012925Ac1,ON transient medium RF,012925A,012925A,012925A,012925A,16.0893159585973,258.39,17.0263994285527,-1.30743020514436,-63.5436412298357,85.8254,159.177695286195,10.6666666666667,0,1.65775430842356,0.240140219162088,-4.57799145837481,3.25786451337982,30.98,23,41.862946321675,54.8307583388456,-63.0670863422674,NaN,0,8.83653991023311,-62.5668391524783
032025B,MultiPulse_Whole_cell_Voltage_clamp,9,10548,3837,032025B,46.3593,500,6.08888,500,-63.9868,032025Bc3,OFF transient medium RF,032025B,032025B,032025B,032025B,18.4726988020232,300,40.4046102733219,-6.70030151005625,-64.9795901023208,221.61816,141.967095160256,31.5,0,0.188352125004559,0.0762171465781342,-1.22833720115949,0.701342516035918,176.18,65,16.1081514875253,109.723086028865,-63.9868236367124,NaN,0,20.2415684375277,-64.3674803477004
041125B,MultiPulse_CC_temp_30,4,10591,3800,041125B,55.412,500,4.67136,500,-65.1476,041125Bc3,ON alpha,041125B,041125B,041125B,041125B,12.2353763605166,500,34.3812360686204,6.5663712773344,-64.6316540200568,424.954,300.286958333333,23.1666666666667,0,0.271826400565964,0.468767944873349,-6.11802335111106,0.662937985245654,61.82,48,19.3297817850301,56.3579457253328,-65.1476432323822,NaN,0,6.45706099832715,-64.3094909888601
041125B,MultiPulse_CC_temp_30_HC06,5,10617,3800,041125B,46.617,500,1.51417,500,-54.0774,041125Bc4,OFF sustained alpha,041125B,041125B,041125B,041125B,18757.7720273038,293.103,37.7768340005758,3.39843498869405,-56.9319576786441,293.103133333333,105.99322308547,21.0888888888889,0.366666666666667,1.27027270534316,0.397544947574924,-6.78407455662904,3.51073586966124,51.16,39,355.990118372175,57.1206521030017,-54.0773805555726,NaN,14.3555555555556,11191.8113038792,-57.2755982385658
041425B,MultiPulse_CC_temp_29,10,10619,3806,041425B,57.796,500,25.6442,500,-45.8376,041425Bc9,ON alpha,041425B,041425B,041425B,041425B,10.0594590331621,500,42.8960054189487,23.2436771801146,-43.0574704853019,692.3158,232.188777936508,41.2666666666667,0.16,0.121908707089481,0.127372042284445,-10.0978685382915,0.540524336832524,34.46,85,223.903294386547,64.5556466191053,-45.8376193312259,NaN,0.4,6.48041426360217,-45.6562520977002
060225B,MultiPulse_Whole_cell_1,2,10684,3561,060225B,60.9855,500,10.6958,500,-64.0232,060225Bc2,ON alpha,060225B,060225B,060225B,060225B,42.5614593359759,500,23.0700930540666,6.66302016798212,-65.641098184242,999,275.271286904762,28.6666666666667,0,0.290479156854018,0.102020112492527,-5.23853704411985,0.849910080187373,43.88,59,25.773042427225,55.7059019935468,-64.0232253573991,NaN,0,23.5994955949924,-64.3309685205306
060225B,MultiPulse_Whole_cell,3,10686,3561,060225B,49.001,500,4.12369,500,-48.6964,060225Bc1,OFF transient alpha,060225B,060225B,060225B,060225B,61.2859997894658,299.742,37.0680754014339,-4.62342398579214,-50.2953994944797,532.828,42.3190677777778,25.6833333333333,0.826666666666667,0.565426807146505,0.382594781382205,-13.0168038384061,1.75109056190855,36.26,46,211.016766909935,87.0447020273838,-48.696360679324,NaN,33.4,53.4787027112528,-48.6738456593201
060925B,MultiPulse_Whole_cell,2,10687,3559,060925B,52.4804,500,7.6997,500,-43.9576,060925Bc1,OFF sustained alpha,060925B,060925B,060925B,060925B,53849.7441119504,64.5775,36.642820245463,-6.21276147790361,-45.6562520994547,155.701333333333,22.742649375,24.85,0.746666666666667,0.515567859890027,0.583864289172138,-13.29932388978,1.64578772635253,19.16,34,141.75172190912,103.255890412126,-43.9575583637368,NaN,38.7333333333333,56434.1692914209,-47.8899156529564
061325B,MultiPulse_Whole_cell,3,10695,3923,061325B,63.2084,500,9.34273,500,-60.0155,061325Bc3,ON-OFF DS - temporal,061325B,061325B,061325B,061325B,18.5064485823675,300,37.9089211885568,9.94908294380664,-59.144143780326,999,83.3667599019608,28.6833333333333,0.193333333333333,0.0921079856827243,0.676078849227491,-0.768820531690302,0.956119877811112,62.58,58,217.460027995113,123.375614469102,-60.0154926150227,NaN,0.0666666666666667,22.7928096549787,-59.7025596831748
061725B,MultiPulse_Whole_cell_-500_500,4,10699,3288,061725B,72.8088,500,10.6958,500,-61.085,061725Bc5,ON alpha,061725B,061725B,061725B,061725B,40049.7493348437,500,23.1764070737024,23.3081097812808,-62.0973048487,725.897,307.399773448773,20.5,0,0.430726106515074,0.463623341837405,-7.65296119846374,0.776777208158515,16.88,42,19.3297816860653,41.8535353861556,-61.0850199911437,NaN,0,16716.0185668037,-61.3348523504834
062025B,MultiPulse_Whole_cell,4,10706,3709,062025B,60.9855,500,6.24996,500,-59.4832,062025Bc1,ON transient medium RF,062025B,062025B,062025B,062025B,11665.0709084495,300,28.4663233556488,5.37436810742042,-60.1643266859612,48.6219,197.040012234143,20.6666666666667,0,0.523001174015712,0.254103282906337,-3.1857896333686,1.10067337564381,53.24,44,41.8811931420297,57.9276245017195,-59.4832023366758,NaN,0,6827.72873838073,-59.3374415881297
062425B,MultiPulse_Whole_cell,2,10714,3710,062425B,63.305,500,14.0463,500,-51.1695,062425Bc5,PixON,062425B,062425B,062425B,062425B,2363.90893885421,120.775,46.3882514827909,7.72615812235115,-44.9474934708895,5.96009666666667,45.5030169047619,13.7333333333333,0.586666666666667,0.373762515969663,0.349491790461298,-11.1457791887505,1.69866689962187,155.96,29,194.908617470625,126.43554644613,-51.1695417017644,NaN,3.6,2038.69572558594,-51.7773493894228
062425B,MultiPulse_Whole_cell,8,10715,3710,062425B,52.1904,500,6.08888,500,-53.2115,062425Bc6,OFF transient alpha,062425B,062425B,062425B,062425B,12715.5484484497,299.742,43.0345343813417,-2.90522128363138,-57.7266264668267,666.333333333333,101.358467857143,22.75,0.44,0.635986726581995,0.0649306948055399,-6.05860851132451,2.6175807701299,58.36,39,256.11958731372,57.2356084218688,-53.2114802025489,NaN,22.3333333333333,7079.48991892624,-51.5303577394153
070725B,MultiPulse_whole_cell,5,10735,3860,070725B,62.8862,500,4.38142,500,-58.0311,070725Bc1,ON alpha,070725B,070725B,070725B,070725B,36053.9919740238,500,56.0628065614094,1.35806921906679,-58.1669159464984,343.516133333333,255.751089583333,48.8333333333333,0.36,0.162978567589803,0.911948457633737,-6.88413995480263,1.28968987697086,427.2,98,380.152343520105,59.7483962400112,-58.0310747449485,NaN,4,20562.9933252494,-58.7360706176554
070725B,MultiPulse_whole_cell_2,8,10736,3860,070725B,63.0151,500,6.41104,500,-54.2862,070725Bc2,OFF transient alpha,070725B,070725B,070725B,070725B,32594.7330786611,500,53.704573315093,4.40787906633516,-58.0487894974149,999,231.910619807692,32.1833333333333,0.326666666666667,0.901242527788963,0.111251992551236,-6.01636240801906,1.37966437257638,165.1,62,357.60093416107,45.7276504843919,-54.2861525627457,NaN,12.7333333333333,14763.2823408783,-56.2339377975425
070725B,MultiPulse_Whole_cell,9,10738,3860,070725B,56.0886,500,7.53862,500,-56.3282,070725Bc4,ON-OFF DS - nasal,070725B,070725B,070725B,070725B,6.8924833776125,300,39.2877787024047,3.08701071133335,-54.6553389971487,999,104.680726617647,42.1,0.766666666666667,0.0914644759330856,0.55834431116966,-6.27403529155256,0.789618097329996,145.82,85,180.41128173209,143.914114477262,-56.3282263929175,NaN,0.4,9.96090357108116,-53.9036252860626
070725B,MultiPulse_whole_cell_2,7,10741,3860,070725B,53.9623,500,13.4664,500,-55.0196,070725Bc7,ON transient small RF,070725B,070725B,070725B,070725B,26.0761265468699,300,32.1744195099371,6.27642454941796,-56.448713146842,14.7162,90.8125315789474,33.1666666666667,0,0.17186393884509,0.386442169208167,0.00918454772318,0.742915858419284,211.72,73,53.15689832447,127.672208624163,-55.0196218481038,NaN,0,33.4888748468753,-54.9345469501833
070725B,MultiPulse_Whole_cell,10,10742,3860,070725B,61.8553,500,9.82597,500,-59.2406,070725Bc8,ON transient medium RF,070725B,070725B,070725B,070725B,13.0635990859641,300,28.8400325109733,12.9022439635996,-60.4113183385384,48.6219,134.795013636364,20.1666666666667,0,0.346144485222299,0.103571039194787,-4.26387792475432,0.504395533834875,53.5,41,37.0487479252152,113.198529920897,-59.2405663283378,NaN,0,14.6936321309505,-59.5951720070513
100625B,MultiPulse_CC_Whole_cell,3,10835,3617,100625B,60.019,500,11.5657,500,-48.8161,100625Bc1,ON-OFF DS - dorsal,100625B,100625B,100625B,100625B,6686.18885200637,167.147,52.7058680192457,7.76911319085015,-53.5170296623972,274.643,68.0432071111111,27.2444444444444,0.866666666666667,0.0723275429483567,0.0205604408910011,-4.79949074560871,0.177011821698605,31.36,48,130.476016883179,110.425837902429,-48.8160669730006,NaN,19.6444444444444,7306.33434737331,-43.7554904049874
100325B,MultiPulse_Whole_cell_CC,4,10837,3591,100325B,62.854,500,13.2087,500,-50.577,100325Bc4,ON alpha,100325B,100325B,100325B,100325B,32.8324589732367,359.843,54.6903922028606,11.3666002304952,-52.3465040304941,672.212666666667,160.229468181818,29.0555555555556,0.553333333333333,0.293718150613818,0.34166735134121,-9.80173414281222,1.52864448770495,104.18,57,288.335888487875,71.8069745862776,-50.57697926064,NaN,18.8888888888889,23.8553812829038,-51.1008070367166
100325B,MultiPulse_Whole_cell_CC,5,10838,3591,100325B,55.9597,500,9.89041,500,-55.1742,100325Bc5,ON transient small RF,100325B,100325B,100325B,100325B,23.9385313259755,124.764,45.4013586687693,4.36492400002486,-55.3533589031247,205.001666666667,47.5132489814815,24.1111111111111,0.6,0.168690343556443,0.334226817282532,-1.84618690271539,0.472668097909752,108.7,49,149.80579675733,165.267368030441,-55.1741937426605,NaN,0.444444444444444,39.3349093736879,-53.8284539527152
100925B,MultiPulse_CC_Whole_cell,2,10842,3592,100925B,62.0969,500,13.4342,500,-53.5678,100925Bc3,ON transient medium RF,100925B,100925B,100925B,100925B,14.2739294266859,300,40.6172401915795,6.37058124380319,-53.5034182181563,343.737933333333,121.84515625,27,0,0.0906779289293659,0.173625543170225,-5.0593291373991,0.28794261586355,70.92,55,10.4703010635497,100.391688899779,-53.5677821039876,NaN,0,14.3884527989456,-53.6054365358855
100925B,MultiPulse_Whole_cell_CC,3,10843,3592,100925B,51.8682,500,4.52639,500,-53.159,100925Bc4,ON transient - subtype unknown,100925B,100925B,100925B,100925B,8.33577022257788,124.764,26.8673217960065,3.13821227478567,-53.2081020247123,64.0760033333333,39.2999304761905,10.6666666666667,0,0.347428191655014,0.424869175180663,-0.618649674029754,1.99829895231337,297.28,24,8.85948571132538,152.877180983224,-53.1589883391712,NaN,0,12.6758481858482,-53.0631286300142
100925B,MultiPulse_whole_cell_CC,5,10845,3592,100925B,56.153,500,13.9497,500,-52.2765,100925Bc1,ON DS sustained - dorsonasal,100925B,100925B,100925B,100925B,13.2737392016294,300,21.3486687336092,11.6243306462418,-51.4981414296846,348.901303333333,120.343394973545,24.8444444444444,0.346666666666667,0.0756132645921704,0.299821369258645,-2.65727407485943,0.640312334640739,116.04,54,130.476017597259,78.6735130847804,-52.2764980946233,NaN,0.0444444444444444,10.4136902822865,-53.0337851346602
101525B,MultiPulse_CC_Whole_cell,3,10848,3287,101525B,60.0834,500,12.7577,500,-57.3383,101525Bc2,ON DS sustained - dorsonasal,101525B,101525B,101525B,101525B,14.6270207717223,223.929,40.0147932369922,3.70985920242744,-56.9426964456288,15.208,80.14525,20.1666666666667,0,0.362145878898659,0.623798191337458,-7.70170926210453,2.51601747964287,74.2,48,19.3297813449949,122.626734100928,-57.3382716304179,NaN,0,17.8902460547591,-56.5024069835029
101525B,MultiPulse_CC_WholeCell,5,10850,3287,101525B,49.0332,500,8.50511,500,-50.4045,101525Bc11,OFF transient alpha,101525B,101525B,101525B,101525B,6412.06137865787,300,41.595539513653,-6.08389629370983,-53.5170296785237,999,102.186101666667,29.0444444444444,0.52,1.37633268808087,0.0869522443884665,-8.99451810619595,1.77852531566044,77.8,60,209.405952406285,103.11638133253,-50.4045305723344,NaN,18.1777777777778,6663.71523059264,-49.9732364862408
101525B,MultiPulse_CC_Whole_cell,6,10851,3287,101525B,64.4326,500,4.92909,500,-64.0938,101525Bc7,M2,101525B,101525B,101525B,101525B,417.77187538253,300,37.1346560710411,7.62950921676211,-66.2639467166685,349.829233333333,128.939905092593,22.6666666666667,0,0.3004196421995,0.773578048337271,-4.59142448599522,1.09400456751268,144.12,46,20.9405970853304,225.219023891699,-64.0937686500185,NaN,0,954.202310004046,-65.2545025453207
101525B,MultiPulse_Whole_cell_CC,7,10852,3287,101525B,70.8436,500,8.34402,500,-66.7488,101525Bc8,ON transient small RF,101525B,101525B,101525B,101525B,24.9346867091494,223.929,51.0370638531218,12.8378113620257,-66.9297503200724,435.99137,50.4388166666667,19.5,0,0.249369724579564,0.310756419153366,2.28137986297526,0.539487010927293,246.2,44,32.2163032498601,175.854852782568,-66.748851223906,NaN,0,43.748827074595,-66.059910128833
101525B,MultiPulse_whole_cell_CC,9,10854,3287,101525B,63.3695,500,8.63397,500,-62.2915,101525Bc10,ON transient medium RF,101525B,101525B,101525B,101525B,26.3725450366146,223.929,45.5688834942633,7.53286031564205,-59.4555681012125,339.240416666667,67.2026604166667,25.3777777777778,0.226666666666667,0.323273554233991,0.208609071407485,0.755105829379929,1.10869717505888,365.9,53,172.35720703212,159.930630820169,-62.2914772872312,NaN,0.177777777777778,41.816963551713,-58.4568627308779
110325B,MultiPulse_Whole_cell,4,10862,3899,110325B,62.9829,500,1.86855,500,-60.5292,110325Bc1,OFF transient medium RF,110325B,110325B,110325B,110325B,5998.92759192811,300,27.8778390572996,5.7180086708954,-58.1991322350286,343.184236666667,123.965117361111,23.1111111111111,0.486666666666667,0.739308438057043,0.377349186400336,-3.02557814549643,1.26737874463515,376.08,54,246.454699808553,134.80099076019,-60.5292289587675,NaN,0.444444444444444,8235.16806840602,-60.2824531320155
110325B,MultiPulse_Whole_cell,3,10863,3899,110325B,67.622,500,2.7706,500,-62.6681,110325Bc2,M2,110325B,110325B,110325B,110325B,14.4969057898223,300,44.3983580636451,11.4095553206649,-62.5268555750109,336.899516666667,129.461449166667,24.4,0.24,0.274472706631402,0.355363985348004,-3.80136501789874,0.806173571289556,195.8,50,243.2330689173,172.713132354096,-62.6680946558062,NaN,0.266666666666667,24.5649940155329,-60.1535879277941
110325B,MultiPulse_Whole_cell,5,10864,3899,110325B,58.5692,500,7.24867,500,-55.0535,110325Bc3,ON-OFF DS - dorsal,110325B,110325B,110325B,110325B,51.8126878123669,223.929,49.7011609142129,1.94870140134831,-56.6527497256539,442.636366666667,79.9428491666667,27.1333333333333,1.04,0.15268129793904,0.455787559914054,-4.8043398270386,1.251182539803,106.5,56,117.58949804935,186.670990924008,-55.0535235708044,NaN,1.86666666666667,96.6077560464117,-52.2176388279394
110325B,MultiPulse_Whole_cell,2,10865,3899,110325B,55.0577,500,4.60693,500,-63.2534,110325Bc4,ON transient medium RF,110325B,110325B,110325B,110325B,5420.32318281211,300,15.5883941169899,4.12867112620527,-63.9014178143053,106.347066666667,194.144737962963,14.3333333333333,0,1.0903862202559,0.939060939060939,-4.20628936433884,1.61932116474026,54.38,33,49.9352700544549,64.3473193487197,-63.2533887553021,NaN,0,2263.3324387271,-63.4503895718107
110425B,MultiPulse_whole_cell,3,10868,3900,110425B,67.2676,500,0.837624,500,-61.9837,110425Bc3,OFF transient small RF,110425B,110425B,110425B,110425B,15.7650798450476,300,50.4120674354987,8.306051558856,-62.65572076471,341.360336666667,118.328286923077,32.0444444444444,0.333333333333333,0.170279532413582,0.212640480694336,-2.48802103319974,0.799310897839215,327.92,68,248.065513536985,223.16232132395,-61.9836972050188,NaN,0.177777777777778,35.2089137783038,-46.0858030542754
120925B,MultiPulse_WholeCell,3,10873,3981,120925B,62.1775,500,7.66748,500,-62.4164,120925Bc1,ON-OFF DS - nasal,120925B,120925B,120925B,120925B,8.78894214498295,300,23.5221951480604,7.64024798642742,-62.9456674931666,43.1154333333333,151.088716880342,34.8333333333333,0,0.135590401638253,0.36220880069025,-6.0796048035476,0.854122522522069,77.36,71,16.1081514050551,91.6513874246265,-62.4164406907984,NaN,0,8.14454325379459,-62.3228189710139
120925B,MultiPulse_WholeCell,5,10874,3981,120925B,72.9377,500,16.978,500,-57.6963,120925Bc2,ON-OFF DS - ventral,120925B,120925B,120925B,120925B,559.469950742069,300,45.9855479747403,17.187012191865,-60.5401835539998,343.184236666667,132.204571111111,32.7,0.3,0.159031724045287,0.230287576987293,-6.63510176572659,0.752848796634693,426.4,66,288.335892391963,70.8034134115775,-57.696317243893,NaN,0.133333333333333,374.810825274698,-57.3292920722276
120925B,MultiPulse_Whole_cell_CC,4,10876,3981,120925B,64.9158,500,13.0154,500,-56.8872,120925Bc4,ON-OFF DS - ventral,120925B,120925B,120925B,120925B,1920.28607694377,300,55.5817097724127,6.54489373553642,-59.7240372190111,999,122.382474583333,35.6666666666667,0.66,0.111210991828801,0.116547815759343,-8.96843011819271,0.387823685254551,100.14,69,211.016768215084,98.1596105025646,-56.887153323213,NaN,6.66666666666667,1975.17946914512,-56.5131457603045
120925B,MultiPulse_Whole_cell_CC,2,10877,3981,120925B,57.5705,500,4.31699,500,-60.2557,120925Bc5,F-mini-ON,120925B,120925B,120925B,120925B,2129.68137317634,300,12.2121257702282,7.28586866571825,-60.5187060142088,167.147,209.7335,2.5,0,0.376144942813426,0.396825396825397,-3.37732217165074,0.561195858084562,5.76,5,19.3297815342401,54.7068134388808,-60.2557131105303,NaN,0,1160.21621215158,-60.303930663533
012026A,MultiPulse_Whole_cell_Voltage_clamp,3,10910,3619,012026A,56.1929,500,7.79295,500,-51.7403,012026Ac2,ON vertical OS small RF,012026A,012026A,012026A,012026A,5359.87024705775,124.764,46.9809228259881,1.11847098620495,-55.0637116526736,205.001666666667,48.0727858730159,21.0777777777778,0.833333333333333,0.274207002016109,0.151349006991262,-10.5253766155747,2.2445008922288,58.58,38,148.130292775815,144.784908016535,-51.7402865350449,NaN,14.3111111111111,6290.89068265329,-51.3497176325051
012026A,MultiPulse_Whole_cell_Voltage_clamp,2,10915,3619,012026A,48.9474,500,5.37778,500,-48.9902,012026Ac7,OFF sustained alpha,012026A,012026A,012026A,012026A,10013.1054854976,6.83762,40.4159611140407,-6.28804184828529,-54.4518686790001,93.8802666666667,4.80585466666667,15.4111111111111,0.806666666666667,0.658562678687714,0.953108220976017,-8.57330814166085,1.58698377525638,234.98,20,111.09773416338,101.456707593936,-48.9902159189485,NaN,27.6444444444444,10284.1536954847,-44.6409141178606
012026A,MultiPulse_Whole_cell_Voltage_clamp,6,10916,3619,012026A,53.8421,500,2.64059,500,-47.2963,012026Ac8,OFF vertical OS - asymmetric,012026A,012026A,012026A,012026A,4.66472202011735,51.8867,43.419348906787,6.52844489490319,-49.3961139111735,42.1333,15.4545025555556,6.71111111111111,1.34666666666667,0.890968117089942,0.761456371625863,-0.980137840259921,1.0768619279087,96.02,13,90.1662547443305,217.168235684101,-47.2962857141466,NaN,4.17777777777778,10.2067075321953,-47.6893942980316
012926A,MultiPulse_Whole_cell_Voltage_clamp,6,10975,4273,012926A,52.9083,500,5.5871,500,-50.7193,012926Ac12,OFF transient alpha,012926A,012926A,012926A,012926A,6759.05749394789,167.147,48.0854822307221,2.77045497577132,-51.8606757833952,7.3409,84.6113955555555,6.2,0.386666666666667,2.13553425860116,0.775774246128769,-8.13976245418786,2.13553425860116,377.18,13,261.643244229892,54.2816669449533,-50.7193178212799,NaN,0.8,3533.45534888235,-51.9787508631607
012926A,MultiPulse_Whole_cell_Voltage_clamp,4,10977,4273,012926A,44.7933,500,14.6038,500,-48.5448,012926Ac14,OFF vertical OS - asymmetric,012926A,012926A,012926A,012926A,2182.79215416219,69.5132,31.2962974001745,2.24985192077166,-50.5994194911294,77.3846333333333,21.5387724444444,19.8777777777778,0.706666666666667,0.23207183972582,0.0875393544491865,-5.26521981918592,2.10585207812545,58.26,41,181.942677194588,153.722591557107,-48.5448298953513,NaN,14.8444444444444,3318.42509708159,-51.1092890537949
012926A,MultiPulse_Whole_cell_Voltage_clamp_incomplete,4,10977,4273,012926A,50.2838,500,13.5089,500,-48.5721,012926Ac14,OFF vertical OS - asymmetric,012926A,012926A,012926A,012926A,3265.60980706465,69.5132,38.5954679719507,5.68743969936689,-51.9062957452025,81.32035,23.281962,20.75,0.69,0.223585558603347,0.0875393544491865,-5.26521981918592,0.578440862430978,58.26,41,181.942677194588,150.600885222158,-48.5721316501023,NaN,15,4963.91508323818,-49.9097537040378
012926A,MultiPulse_Whole_cell_Voltage_clamp,15,10984,4273,012926A,45.1476,500,2.8016,500,-42.9583,012926Ac6,OFF sustained alpha,012926A,012926A,012926A,012926A,11042.9318348272,69.5132,35.6124677726358,2.58260861794703,-47.3630894537854,71.7213666666667,16.2524362222222,11.7222222222222,0.753333333333333,0.251618615321296,0.193262411347518,-3.54057284252981,1.47373438909105,69.02,22,156.180884848992,112.15419545189,-42.9583071733243,NaN,12.8888888888889,12354.6360618757,-39.6023408658546
011626B,MultiPulse_whole_cell_CC,3,10988,3977,011626B,60.6633,500,3.83374,500,-63.8603,011626Bc1,ON alpha,011626B,011626B,011626B,011626B,39687.5276754128,500,7.19067851189761,12.6015584788148,-64.1484094699741,572.895333333333,391.216714285714,5.66666666666667,0,1.35191704561048,0.135074222782461,-2.76694753023778,1.40550361337634,37.04,17,41.8811937008901,28.3262990398022,-63.8603349851403,NaN,0,11393.7172010468,-63.3107855906588
011626B,MultiPulse_Whole_cell_CC,7,10989,3977,011626B,73.8075,500,8.02186,500,-59.2829,011626Bc2,ON-OFF DS - direction unknown,011626B,011626B,011626B,011626B,4031.62850980103,300,41.2991501097706,18.4004929253409,-59.7884698231027,20.8368,149.722877777778,35.3333333333333,0,0.18440682444285,0.449703504043127,-7.15309853773167,0.696004884165779,122.24,74,28.9946722531649,89.6188419574924,-59.2829491304865,NaN,0,3474.227891686,-59.1978376097105
011626B,MultiPulse_Whole_cell_CC,4,10990,3977,011626B,77.2869,500,9.56824,500,-54.7991,011626Bc3,OFF OS - subtype unknown,011626B,011626B,011626B,011626B,20.7392928073836,223.929,61.1358006451179,21.5899069333759,-57.8447529153721,255.715666666667,64.22674,34.2444444444444,0.466666666666667,0.215887271871629,0.168124847049923,-5.17166514895332,1.12854888709549,119.02,69,372.098271841308,107.405386999961,-54.7990724137864,NaN,12.3111111111111,21.748264634483,-55.7614320386536
011626B,MultiPulse_Whole_cell_CC,5,10992,3977,011626B,64.9803,500,5.05796,500,-51.6205,011626Bc5,OFF OS - subtype unknown,011626B,011626B,011626B,011626B,18124.6841613753,223.929,61.2775518862477,12.9774153375322,-54.9667632493942,673.192866666667,115.755697222222,9.11111111111111,0.32,0.930835880493118,0.495320286860338,-6.21613813292281,1.76391703602535,368.86,18,388.206421674483,45.8336559307057,-51.6204660344935,NaN,5.11111111111111,8341.01610291015,-50.9289867583786
012026B,MultiPulse_Whole_cell_CC,9,10994,4055,012026B,59.3746,500,1.93298,500,-45.5865,012026Bc1,ON horizontal OS small RF,012026B,012026B,012026B,012026B,112176.991798233,300,51.876835131822,5.38510687984402,-50.6390400429213,999,159.455202469136,34.6333333333333,0.573333333333333,0.51407969316164,0.0346645830763741,-6.03124370114745,0.678621011417878,40.08,59,207.795138294277,31.5262295351079,-45.5864701612331,NaN,42.5333333333333,35946.6222376854,-48.3087275714161
012026B,MultiPulse_whole_cell_CC,5,10996,4055,012026B,62.6285,500,4.96131,500,-54.2816,012026Bc3,ON horizontal OS small RF,012026B,012026B,012026B,012026B,25.9253500471693,167.147,46.3764388119662,6.62006510099638,-54.977502016764,171.946666666667,26.832125,10.9666666666667,1.1,0.152473962099843,0.234942601037899,-0.620507139838004,0.332259012767008,429.98,22,133.69764661648,222.462065445966,-54.2816097182081,NaN,1.2,58.2112379942187,-53.2700380184628
012026B,MultiPulse_Whole_cell_CC,7,10997,4055,012026B,64.1749,500,12.4355,500,-59.2223,012026Bc4,ON-OFF - subtype unknown,012026B,012026B,012026B,012026B,7160.90958044069,300,38.936621133174,9.20810800172314,-59.2622702180657,27.2956666666667,138.171267791005,30.0222222222222,0.186666666666667,0.13848051638652,0.365154644963636,-4.88507277590214,0.64036716632041,173.06,63,215.849212858465,100.599781129335,-59.2222962365271,NaN,0.0888888888888889,7275.61866548295,-59.294486517419
012026B,MultiPulse_Whole_cell_CC,6,10998,4055,012026B,54.8644,500,13.6919,500,-53.7482,012026Bc5,F-mini-ON,012026B,012026B,012026B,012026B,15.6731531031543,223.929,46.6943061568914,3.09774948635887,-56.0943338214805,103.333333333333,76.5843709444444,20.3,0.54,0.373874564864361,0.280962806357978,-9.83564764369859,0.516743001857844,106,42,136.91927676557,118.451039577436,-53.7482302036272,NaN,0.533333333333333,14.9566948003066,-53.710327478043
012026B,MultiPulse_Whole_cell_CC,8,10999,4055,012026B,61.9197,500,4.22034,500,-62.1216,012026Bc6,ON alpha,012026B,012026B,012026B,012026B,36416.5074503268,300,13.2451951953335,9.06850402706906,-62.7631084404654,721.715666666667,239.389726388889,7.16666666666667,0,0.538232855222983,0.438314553774022,-3.22316422688461,0.913847331408447,400.48,16,24.1622271427545,49.5419821301087,-62.1215544032909,NaN,0,18333.8932329589,-62.6449819965323
012026B,MultiPulse_Whole_cell_CC,3,11000,4055,012026B,55.2832,500,2.12628,500,-51.9749,012026Bc7,OFF transient small RF,012026B,012026B,012026B,012026B,12.8730433197126,300,45.9168194603268,4.81058283256232,-56.4164968426668,999,94.6419181666667,27.7333333333333,0.64,0.108400363314678,0.2255859375,-3.21716710264217,0.579726752828939,101,56,162.69231760537,257.329937544101,-51.8297250951472,NaN,1.93333333333333,33.0499504255767,-48.346313272106
012026B,MultiPulse_Whole_cell_CC,4,11001,4055,012026B,53.9301,500,3.93039,500,-61.1534,012026Bc8,OFF transient small RF,012026B,012026B,012026B,012026B,13.5077708147054,124.764,40.4765600913784,1.30437539848063,-60.9589954984839,7.3409,43.0089241666667,13.3333333333333,0,0.417455362253861,0.634247491638796,-2.5880029745001,0.993282252925544,340.48,29,17.718966506775,291.229393898047,-61.1534401332173,NaN,0,39.6736743375548,-61.5603664699247
012926B,MultiPulse_Whole_cell_CC,6,11002,4273,012926B,55.1865,500,2.09406,500,-55.0433,012926Bc1,OFF transient alpha,012926B,012926B,012926B,012926B,19878.0593061058,300,47.6479086740417,-0.703774055253078,-57.2433819330144,999,127.284127222222,15.7111111111111,0.3,0.67335223931819,0.614743834050199,-5.78133804285206,1.77759208623605,136.42,34,373.709083643105,58.6276973868689,-55.0433224775357,NaN,7.51111111111111,11812.1339759549,-51.4766639133352
012926B,MultiPulse_Whole_cell_CC,3,11003,4273,012926B,61.6942,500,4.92909,500,-44.379,012926Bc2,ON vertical OS large RF,012926B,012926B,012926B,012926B,19268.7419019156,300,53.0838726386345,14.5774917013867,-50.3705708632108,766,89.6169096825397,21.5111111111111,0.446666666666667,0.301275143267254,0.156144215308447,-7.47190762382893,2.37473666327536,108.4,40,312.498117901695,54.8627541252593,-44.3789968235131,NaN,17.3777777777778,11088.0729516013,-44.8830608798017
012926B,MultiPulse_Whole_cell_CC,5,11006,4273,012926B,54.7033,500,14.0141,500,-51.2096,012926Bc5,ON OS large RF - orientation unknown,012926B,012926B,012926B,012926B,12.4107477786705,300,23.1828499949832,3.79576933995146,-51.6592229301148,999,109.7366625,36.5,0,0.0662122810199965,0.0592946466207672,-6.70168026703207,0.316335631569921,380.46,74,14.4973357974052,119.461278314112,-51.209618607883,NaN,0,14.838969181849,-51.2833660770382
012926B,MultiPulse_Whole_cell_CC,8,11007,4273,012926B,63.7883,500,2.41622,500,-56.1044,012926Bc6,ON DS sustained - temporal,012926B,012926B,012926B,012926B,4.21917663356456,93.1275,47.6028061729149,14.1801573142275,-56.2446765692398,11.6093833333333,41.8389,9,0,0.237814303565041,0.373686045932347,-6.31847529423806,1.65344709413438,216.32,19,16.1081511623347,211.011853737158,-56.1044152939324,NaN,0,8.72514295854166,-56.1802439634376
012926B,MultiPulse_Whole_cell_CC_-500_500,2,11008,4273,012926B,41.9778,500,7.18424,500,-59.4814,012926Bc7,ON alpha,012926B,012926B,012926B,012926B,111.255256367401,500,10.8031994844019,-1.85282212089895,-59.6273883092736,457.253333333333,357.955433333333,18,0,0.351776577849797,0.335176660360464,-5.54257681231874,0.64850248254967,28.86,38,12.8865210029147,57.5009094648806,-59.4813546023955,NaN,0,68.1955892956265,-58.8756745848743
020526A,MultiPulse_Whole_cell_Voltage_clamp,8,11046,4274,020526A,55.3879,500,14.169,500,-59.1077,020526Ac8,ON transient EW6t,020526A,020526A,020526A,020526A,22.2705081643159,124.764,41.8886714794884,3.59804244053124,-50.6627360736844,186.074333333333,32.9646853703704,15.3666666666667,1.15333333333333,0.266013559348378,0.199113298644473,5.18296211427588,0.399641559304811,117.36,32,117.538173752935,226.529381603909,-59.1077425408211,NaN,0.133333333333333,50.5357921252868,-55.8687682567131
020526B,MultiPulse_Whole_cell_CC,6,11051,3712,020526B,83.2791,500,5.70229,500,-58.4136,020526Bc3,PixON,020526B,020526B,020526B,020526B,9.05912756680814,300,49.5637057142405,28.7311875992035,-58.8971521204707,675.636366666667,142.894505555556,27.5,0,0.179804484452173,0.386474717853017,-4.97354658323105,0.636898319539816,55.6,56,19.3297813385751,113.176201526199,-58.4136424517453,NaN,0,10.19855492648,-58.0273119566882
020526B,MultiPulse_Whole_cell_CC,8,11052,3712,020526B,65.3024,500,15.2383,500,-54.2106,020526Bc4,ON-OFF DS - nasal,020526B,020526B,020526B,020526B,23.0717183874422,300,54.6216640812993,9.60544239520781,-56.0728562889883,999,113.875352777778,30.1333333333333,0.646666666666667,0.233101858094232,0.13833957231048,-10.6116995201355,0.427144132955816,105.48,58,219.07084198077,106.724876738185,-54.2106296351122,NaN,6.53333333333333,24.3306127162753,-55.8043871029736
020526B,MultiPulse_Whole_cell_CC,5,11053,3712,020526B,62.2741,500,2.28736,500,-62.8353,020526Bc5,ON-OFF DS - dorsal,020526B,020526B,020526B,020526B,10.7917174891422,300,38.234305848382,5.27771920405846,-62.0865660809273,18.3933,146.583396296296,33.5111111111111,0.186666666666667,0.227814073361027,0.311474815018161,-7.72941818357065,0.67520675194928,57.66,68,225.51410222444,129.432859700392,-62.8352813117449,NaN,0.0444444444444444,13.9192512766181,-61.8073581261636
030226B,MultiPulse_Whole_cell_CC,24,11182,4275,030226B,50.3863,500,2.51287,500,-55.4338,030226Bc4,OFF transient alpha,030226B,030226B,030226B,030226B,42551.563477195,500,42.383765180783,-13.9339348523952,-59.6918209220522,999,248.749492784993,34.0222222222222,0.413333333333333,0.516599357135642,0.148752001116809,-6.51855140511506,1.20151434534657,194.14,64,281.8926281665,59.2820815996139,-56.2937061117935,NaN,11.4222222222222,24769.7732185946,-55.5788730647126
030226B,MultiPulse_Whole_cell_CC,9,11185,4275,030226B,70.296,500,11.7267,500,-58.067,030226Bc7,ON-OFF DS - temporal,030226B,030226B,030226B,030226B,1047.38703532681,300,59.4992121351453,10.1423807598663,-59.8099473571001,7.64940666666667,144.295400233427,46.5888888888889,0.46,0.149108132922978,0.267617644003921,-9.46168555998001,0.87217215088379,461.04,95,304.44403776834,79.8649368204342,-58.0670371375982,NaN,1.02222222222222,841.39124672567,-53.4311195437966
030226B,MultiPulse_Whole_cell_CC,7,11186,4275,030226B,53.5113,500,14.2718,500,-51.5403,030226Bc8,ON-OFF DS - dorsal,030226B,030226B,030226B,030226B,8099.62581007803,300,47.252721988694,0.14458854012337,-55.4177914796102,999,113.718009444444,39.7111111111111,0.72,0.121154424087244,0.123898079874005,-8.50845999122095,0.631025103064495,52.14,77,161.081501829675,106.397677151738,-51.5403395730878,NaN,12.1777777777778,8586.87956526009,-47.1918958619375
030226B,MultiPulse_Whole_cell_CC,12,11189,4275,030226B,59.6968,500,22.0037,500,-52.0654,030226Bc11,ON vertical OS small RF,030226B,030226B,030226B,030226B,13.8829384120241,300,41.2669334660626,10.3356785826885,-52.7116221166717,339.998936666667,96.5222260416667,42.6666666666667,0,0.0751749514961953,0.244619354368725,-8.35536307090723,0.478761630555723,170.7,88,45.10282226254,95.26832184845,-52.0653921571516,NaN,0,12.5906037226602,-51.9706471764747
030226B,MultiPulse_Whole_cell_CC,16,11191,4275,030226B,60.8244,500,3.22163,500,-60.0372,030226Bc13,OFF horizontal OS - symmetric,030226B,030226B,030226B,030226B,250.466591576967,300,49.8815722609862,0.0479396372069999,-62.3872515744325,999,109.287126762821,43.3555555555556,0.546666666666667,0.115308458145642,0.363189416286761,-6.68601139694825,0.590654770242115,212.68,88,215.84921326269,207.309017374316,-60.037184715609,NaN,3.42222222222222,514.565451192519,-58.9078908872593
030226B,MultiPulse_Whole_cell_CC,6,11193,4275,030226B,62.4996,500,2.9639,500,-60.8909,030226Bc15,Local edge detector,030226B,030226B,030226B,030226B,688.966736661422,300,50.3197139936167,6.37307345655855,-57.9199242990216,336.333333333333,85.4734681587302,23.2444444444444,0.92,0.211726892612882,0.238679867986799,-6.7267856708738,0.565831602623289,473.1,47,182.02209711705,244.60528773965,-60.8908634086002,NaN,0.311111111111111,1684.42493769802,-57.1037779605905
030226B,MultiPulse_Whole_cell_CC,4,11194,4275,030226B,59.2136,500,5.9278,500,-62.2934,030226Bc16,ON-OFF DS - temporal,030226B,030226B,030226B,030226B,9.79367374879279,300,55.4163328296149,-1.16554103570204,-62.9241899561666,340.601816666667,143.65385714597,47.2222222222222,0.38,0.115930705679898,0.526037916966643,-7.73383496591661,0.743929956496718,211.58,97,201.35187691219,85.7895910777997,-62.2933501929332,NaN,1.55555555555556,8.54267461289093,-62.4302066448035
030226B,MultiPulse_Whole_cell_CC,10,11195,4275,030226B,60.0512,500,4.89688,500,-59.9621,030226Bc17,ON transient medium RF,030226B,030226B,030226B,030226B,55.9048677635962,300,44.0010235966944,0.32714757951915,-57.4688960540915,19.0620833333333,171.277549291819,26.3555555555556,0.213333333333333,0.445774137122769,0.741600848756336,-5.20307886341602,1.13072274388496,485.76,55,364.04419359125,59.874739719433,-59.9620874739274,NaN,0.0888888888888889,33.1183645283705,-59.9925064056374
030226B,MultiPulse_Whole_cell_CC,8,11197,4275,030226B,63.4983,500,8.18294,500,-57.22,030226Bc19,ON vertical OS large RF,030226B,030226B,030226B,030226B,11.9444548798146,223.929,46.4902696911415,4.23605880158678,-40.9848884492438,11.0923833333333,76.2715915343915,33.1111111111111,0.493333333333333,0.35937119535583,0.134616705249754,-10.7845729551434,2.53704099353799,183.44,70,264.173662523725,132.280322034469,-57.2199839571524,NaN,1.11111111111111,15.6919252378877,-51.75587184563
030226B,MultiPulse_Whole_cell_CC,22,11198,4275,030226B,51.0951,500,20.3929,500,-47.7443,030226Bc20,OFF transient alpha,030226B,030226B,030226B,030226B,23434.2098033885,359.843,38.2944426761946,1.74466482733461,-50.5316523776923,999,155.6376875,39.6,0.48,0.332376440374461,0.068456195086777,-16.4987423495557,1.56376682757459,40.58,75,259.341217340995,74.3452278599683,-47.7443157266681,NaN,17.7333333333333,17836.155854254,-45.8388111366735
030226B,MultiPulse_Whole_cell_CC_1,13,11199,4275,030226B,53.9623,500,4.80023,500,-56.2161,030226Bc21,ON alpha,030226B,030226B,030226B,030226B,10512.3563558873,500,49.821435093313,-0.929288162006492,-58.6501604700694,336.982493333333,256.734410204991,37.4111111111111,0.5,0.258739567432567,0.442933784081723,-8.30755896406375,1.08708049014405,329.16,76,294.779148781345,54.7214779842911,-56.2160891142357,NaN,2.31111111111111,5846.50056765454,-57.5225898870431
030226B,MultiPulse_Whole_cell_CC,14,11201,4275,030226B,50.5796,500,7.08759,500,-56.06,030226Bc23,ON transient small RF,030226B,030226B,030226B,030226B,22240.9747782596,300,16.4904504638207,-4.5912076628062,-52.7653159822143,71.5091333333333,199.597953968254,23.6777777777778,0.12,0.619727613191124,0.269432773109244,-4.43206882151863,2.17252224641593,170.78,56,281.89262761617,66.6878999115289,-56.0600321533377,NaN,0.0444444444444444,14766.6038233445,-56.1480276591418
022526B,MultiPulse_Whole_cell_CC,2,11205,4011,022526B,74.5163,500,4.83245,500,-60.498,022526Bc0,ON horizontal OS small RF,022526B,022526B,022526B,022526B,12.2812489598171,223.929,61.3355415292603,16.6608125887813,-60.314669443054,670.007566666667,89.597874537037,26.8555555555556,0.306666666666667,0.196788651469118,0.384305445713869,-3.48557860030204,1.83580318443681,364.44,55,223.903288662679,152.272869742293,-60.4980094855868,NaN,0.755555555555556,18.1860847535347,-61.710709214035
030326A,MultiPulse_Whole_cell_Voltage_clamp,7,11220,4295,030326A,50.1711,500,10.3047,500,-48.6701,030326Ac5,ON alpha,030326A,030326A,030326A,030326A,21137.7184279784,500,36.5516925897558,-6.3524463218167,-49.8684137506174,999,123.635272521367,39.1666666666667,0.846666666666667,0.31045179969096,0.0807436543490916,-13.5852443660045,1.16226358354061,80.64,66,159.401123760845,91.6057727988947,-48.6701029847175,NaN,30.6666666666667,23696.2577641633,-47.5605855393607
030326A,MultiPulse_Whole_cell_Voltage_clamp,3,11221,4295,030326A,57.481,500,4.92695,500,-58.2527,030326Ac6,OFF transient alpha,030326A,030326A,030326A,030326A,39137.5179930828,500,52.7601560098583,0.281213070128317,-58.7240355134077,999,241.996314663462,34.2,0.42,0.488382505070828,0.110995968710862,-4.50038391731599,1.94433053945988,130.78,67,280.15950039931,43.6431900859505,-58.2527319565876,NaN,16.1333333333333,17136.1001605762,-58.380544745741
030326A,MultiPulse_Whole_cell_Voltage_clamp,2,11222,4295,030326A,55.6455,500,6.24724,500,-38.8133,030326Ac7,OFF sustained alpha,030326A,030326A,030326A,030326A,13696.3575740855,500,41.814599954244,12.1101635145028,-38.9840515160327,338.560333333333,164.958806541667,30.3666666666667,0.553333333333333,0.425589786838151,0.800831758034027,-5.52691333352558,1.96321427771934,244.96,63,194.823504056432,87.5935022163971,-38.8132602217174,NaN,4.13333333333333,11564.0468412705,-36.6010849248268
