file_name,dataset_number,dataset_name,source_id,cell_unid,retina_id,animal_id,side,charge_stim_mean,charge_stim_sem,charge_tail_mean,charge_tail_sem,holding_current_mean,holding_voltage,mean_traces,n_epochs_per_size,peak_stim_mean,peak_stim_sem,peak_tail_mean,peak_tail_sem,pre_time_ms,sample_rate,spot_sizes,stim_time_ms,tail_time_ms,cell_name,cell_type,orientation,cell_number,x,y,quadrant
011122B,1,SpotsMultiSize_-60mV,3,2093,1,1496,Left,-14.6750080383753,1.40025413465539,-5.9111219551524,2.43255918837919,-182.218,-60,-173.166463891597,3,-178.280324188831,7.42965928388208,-139.942926547096,22.3035075795512,500,10000,30,1000,1000,011122Bc1,ON alpha,ventral down,1,-521,-622,VT
011122B,1,SpotsMultiSize_-60mV,3,2093,1,1496,Left,-27.9967918571054,6.3583823238745,-6.83845741903262,3.38105792122597,-182.218,-60,-195.395711104475,3,-219.772643026181,34.1948416749064,-129.996551857198,19.3065879400124,500,10000,42,1000,1000,011122Bc1,ON alpha,ventral down,1,-521,-622,VT
011122B,1,SpotsMultiSize_-60mV,3,2093,1,1496,Left,-61.2874843387024,4.26224328282759,-8.39308720966137,2.37227624773041,-182.218,-60,-171.018710532811,3,-303.488462396408,17.8021913330232,-191.590510494828,42.8499539934573,500,10000,59,1000,1000,011122Bc1,ON alpha,ventral down,1,-521,-622,VT
011122B,1,SpotsMultiSize_-60mV,3,2093,1,1496,Left,-129.477160985689,8.75859942662683,-5.55359621031798,5.50395408622441,-182.218,-60,-183.153516993951,3,-419.977649374151,29.2971691537264,-327.302087019844,29.9273294892804,500,10000,82,1000,1000,011122Bc1,ON alpha,ventral down,1,-521,-622,VT
011122B,1,SpotsMultiSize_-60mV,3,2093,1,1496,Left,-267.545167182374,12.6082986586637,-0.697246826606974,2.53199773960237,-182.218,-60,-194.107059099376,3,-707.549537145231,29.9246857951997,-451.107748107813,46.1781863375419,500,10000,115,1000,1000,011122Bc1,ON alpha,ventral down,1,-521,-622,VT
011122B,1,SpotsMultiSize_-60mV,3,2093,1,1496,Left,-394.207833685628,26.3114952749871,-11.7096591747603,4.14295856903899,-182.218,-60,-167.367529843756,3,-899.826842638093,2.80399131097568,-643.707188068084,37.2249218583186,500,10000,160,1000,1000,011122Bc1,ON alpha,ventral down,1,-521,-622,VT
011122B,1,SpotsMultiSize_-60mV,3,2093,1,1496,Left,-554.158661267205,20.6291966853234,-9.19662774202011,2.05272018129618,-182.218,-60,-180.790988302738,3,-1230.52418402559,80.4493849067599,-731.171305143311,50.6663143681969,500,10000,224,1000,1000,011122Bc1,ON alpha,ventral down,1,-521,-622,VT
011122B,1,SpotsMultiSize_-60mV,3,2093,1,1496,Left,-682.265147915957,30.8421451461848,6.23588075526642,8.07250588023046,-182.218,-60,-181.542701978559,3,-1440.71391896525,48.9819984677875,-818.616786259137,49.1342809644955,500,10000,314,1000,1000,011122Bc1,ON alpha,ventral down,1,-521,-622,VT
011122B,1,SpotsMultiSize_-60mV,3,2093,1,1496,Left,-600.032060252948,4.08145222900368,3.6250623948291,1.42075774315824,-182.218,-60,-169.19312018754,3,-1272.65873103672,81.4046325852774,-750.002702705717,36.017718454345,500,10000,439,1000,1000,011122Bc1,ON alpha,ventral down,1,-521,-622,VT
011122B,1,SpotsMultiSize_-60mV,3,2093,1,1496,Left,-521.501646848792,16.8916253679721,12.6103287709092,2.20684646048019,-182.218,-60,-173.273851565968,3,-1096.33921185275,52.4516633766933,-679.782299375304,37.27869619591,500,10000,614,1000,1000,011122Bc1,ON alpha,ventral down,1,-521,-622,VT
011122B,1,SpotsMultiSize_-60mV,3,2093,1,1496,Left,-468.315448386269,9.77097690282359,21.4225183576794,7.74106383734597,-182.218,-60,-194.429222104429,3,-1080.32353967443,62.3966861075301,-575.601339261417,19.4268814725672,500,10000,858,1000,1000,011122Bc1,ON alpha,ventral down,1,-521,-622,VT
011122B,1,SpotsMultiSize_-60mV,3,2093,1,1496,Left,-452.198785706961,70.8466901817417,23.8968695811585,6.05536498569048,-182.218,-60,-191.100204378924,3,-1154.40668155186,253.01786161743,-551.961599623271,75.179935119919,500,10000,1200,1000,1000,011122Bc1,ON alpha,ventral down,1,-521,-622,VT
020222B,2,SpotsMultiSize,2,2091,1,1454,Right,-157.973563183021,NaN,-5.35360812483118,NaN,-139.458,-60,-114.425409541569,1,-517.247211489525,NaN,-282.712533687395,NaN,500,10000,30,1000,1000,020222Bc1,ON alpha,ventral down,1,1012,-751,VT
020222B,2,SpotsMultiSize,2,2091,1,1454,Right,-265.057486585091,NaN,-14.1321633755695,NaN,-139.458,-60,-122.801647657497,1,-677.270686001258,NaN,-371.215803331908,NaN,500,10000,42,1000,1000,020222Bc1,ON alpha,ventral down,1,1012,-751,VT
020222B,2,SpotsMultiSize,2,2091,1,1454,Right,-329.054944746336,NaN,-21.305670491584,NaN,-139.458,-60,-123.768136670439,1,-749.963240647597,NaN,-535.402646268096,NaN,500,10000,59,1000,1000,020222Bc1,ON alpha,ventral down,1,1012,-751,VT
020222B,2,SpotsMultiSize,2,2091,1,1454,Right,-465.780481714789,NaN,-40.0866463256279,NaN,-139.458,-60,-139.231960866287,1,-925.831941223978,NaN,-613.333755689597,NaN,500,10000,82,1000,1000,020222Bc1,ON alpha,ventral down,1,1012,-751,VT
020222B,2,SpotsMultiSize,2,2091,1,1454,Right,-540.97198578794,NaN,-28.4054349424269,NaN,-139.458,-60,-165.971490163059,1,-1182.94655836978,NaN,-681.016413712549,NaN,500,10000,115,1000,1000,020222Bc1,ON alpha,ventral down,1,1012,-751,VT
020222B,2,SpotsMultiSize,2,2091,1,1454,Right,-566.549997109252,NaN,-27.9245426875834,NaN,-139.458,-60,-153.407133029363,1,-1349.07880029205,NaN,-720.860642366334,NaN,500,10000,160,1000,1000,020222Bc1,ON alpha,ventral down,1,1012,-751,VT
020222B,2,SpotsMultiSize,2,2091,1,1454,Right,-431.1755365681,NaN,-29.974497253732,NaN,-139.458,-60,-118.613528600393,1,-1363.73231102294,NaN,-599.883512993148,NaN,500,10000,224,1000,1000,020222Bc1,ON alpha,ventral down,1,1012,-751,VT
020222B,2,SpotsMultiSize,2,2091,1,1454,Right,-289.821032446202,NaN,-9.43721760887144,NaN,-139.458,-60,-127.634092721344,1,-1360.8389686932,NaN,-509.361821141658,NaN,500,10000,314,1000,1000,020222Bc1,ON alpha,ventral down,1,1012,-751,VT
020222B,2,SpotsMultiSize,2,2091,1,1454,Right,-223.595011805968,NaN,-8.77475370898686,NaN,-139.458,-60,-138.909797862409,1,-1011.37379168174,NaN,-360.604398111564,NaN,500,10000,439,1000,1000,020222Bc1,ON alpha,ventral down,1,1012,-751,VT
020222B,2,SpotsMultiSize,2,2091,1,1454,Right,-180.573493708316,NaN,-3.5331616360974,NaN,-139.458,-60,-144.0644059235,1,-1113.50312347684,NaN,-261.703961931738,NaN,500,10000,614,1000,1000,020222Bc1,ON alpha,ventral down,1,1012,-751,VT
020222B,2,SpotsMultiSize,2,2091,1,1454,Right,-53.721647173557,NaN,1.76561464501515,NaN,-139.458,-60,-155.662274054048,1,-675.394084146243,NaN,-102.266070398564,NaN,500,10000,858,1000,1000,020222Bc1,ON alpha,ventral down,1,1012,-751,VT
020222B,2,SpotsMultiSize,2,2091,1,1454,Right,-22.6224149659151,NaN,5.64719529756489,NaN,-139.458,-60,-132.466537783108,1,-271.391983365022,NaN,-115.787251881736,NaN,500,10000,1200,1000,1000,020222Bc1,ON alpha,ventral down,1,1012,-751,VT
020526A,3,SpotsMultiSize_Whole_cell_Current_clamp_Exc,11,11041,1,4274,Left,-38.4703307315461,3.906115227808,-18.2681968062068,6.96729160918529,-367.798,-60,-340.519595664256,3,-186.30334889491,10.1306294757595,-135.681324030406,6.1937009204319,500,50000,30,1000,1000,020526Ac3,ON alpha,ventral down,3,2347,-1620,VN
020526A,3,SpotsMultiSize_Whole_cell_Current_clamp_Exc,11,11041,1,4274,Left,-62.8474263394297,3.18282754703989,-7.21746005039333,1.41840794359701,-367.798,-60,-372.593067764726,3,-226.730040415334,5.93503314586177,-156.099634569012,7.01201965177456,500,50000,42,1000,1000,020526Ac3,ON alpha,ventral down,3,2347,-1620,VN
020526A,3,SpotsMultiSize_Whole_cell_Current_clamp_Exc,11,11041,1,4274,Left,-112.917656724306,6.06119473468858,-0.401063663004452,5.98888549119868,-367.798,-60,-367.397766569787,3,-295.494603982954,8.52818286941299,-170.93602135992,12.6054968689936,500,50000,59,1000,1000,020526Ac3,ON alpha,ventral down,3,2347,-1620,VN
020526A,3,SpotsMultiSize_Whole_cell_Current_clamp_Exc,11,11041,1,4274,Left,-181.940514596165,3.8049588889751,-9.73363325055108,6.79250784953911,-367.798,-60,-359.239855535294,3,-440.469554438264,19.2381877007484,-241.115627496071,13.1279619207777,500,50000,82,1000,1000,020526Ac3,ON alpha,ventral down,3,2347,-1620,VN
020526A,3,SpotsMultiSize_Whole_cell_Current_clamp_Exc,11,11041,1,4274,Left,-271.81236204595,10.6983895348522,-9.25345885193618,3.9569394302243,-367.798,-60,-354.087489228268,3,-574.778451491048,27.8202046130449,-355.931239527359,59.0752299342683,500,50000,115,1000,1000,020526Ac3,ON alpha,ventral down,3,2347,-1620,VN
020526A,3,SpotsMultiSize_Whole_cell_Current_clamp_Exc,11,11041,1,4274,Left,-490.207776596579,17.6779159149426,-15.3861871527887,3.80621279603326,-367.798,-60,-370.059825203143,3,-997.985087158836,43.2588242097451,-610.225134854207,21.9478952845594,500,50000,160,1000,1000,020526Ac3,ON alpha,ventral down,3,2347,-1620,VN
020526A,3,SpotsMultiSize_Whole_cell_Current_clamp_Exc,11,11041,1,4274,Left,-674.96982399611,21.6358087041781,-26.6334962798996,7.73945068105765,-367.798,-60,-373.580606379442,3,-1393.35733914397,40.7255523964367,-802.549550006184,59.0193352860588,500,50000,224,1000,1000,020526Ac3,ON alpha,ventral down,3,2347,-1620,VN
020526A,3,SpotsMultiSize_Whole_cell_Current_clamp_Exc,11,11041,1,4274,Left,-748.677530118068,10.3689900426883,-25.4552959553018,1.52109111321853,-367.798,-60,-354.860343397076,3,-1742.7869707132,51.4823445354942,-911.404335971023,34.1278895184934,500,50000,314,1000,1000,020526Ac3,ON alpha,ventral down,3,2347,-1620,VN
020526A,3,SpotsMultiSize_Whole_cell_Current_clamp_Exc,11,11041,1,4274,Left,-735.328170872814,10.7121767625149,-37.8055465014723,10.4784868925079,-367.798,-60,-380.02106204621,3,-1768.18389307993,46.3553598780892,-911.125070636681,56.558680877419,500,50000,439,1000,1000,020526Ac3,ON alpha,ventral down,3,2347,-1620,VN
020526A,3,SpotsMultiSize_Whole_cell_Current_clamp_Exc,11,11041,1,4274,Left,-687.18215711914,31.7883642022979,-59.9947762886027,19.6306065786815,-367.798,-60,-382.425500060454,3,-1761.4747439546,71.2713947737906,-807.250560109731,31.1163133255807,500,50000,614,1000,1000,020526Ac3,ON alpha,ventral down,3,2347,-1620,VN
020526A,3,SpotsMultiSize_Whole_cell_Current_clamp_Exc,11,11041,1,4274,Left,-582.687868911026,14.8872519867961,-64.4066531367662,8.98661073996833,-367.798,-60,-357.865890954734,3,-1640.92819993648,62.8439637969029,-681.423399379692,30.0128159750404,500,50000,858,1000,1000,020526Ac3,ON alpha,ventral down,3,2347,-1620,VN
020526A,3,SpotsMultiSize_Whole_cell_Current_clamp_Exc,11,11041,1,4274,Left,-550.448397664793,22.7413228974842,-44.8519693546753,16.5203197752581,-367.798,-60,-390.111113019345,3,-1557.11692655079,38.2401838002632,-596.195551510494,66.8133707908503,500,50000,1200,1000,1000,020526Ac3,ON alpha,ventral down,3,2347,-1620,VN
031120A,4,SpotsMultiSize_PreDrug_-60mV,2,4243,1,2410,Left,-25.1087291666662,7.2143154548172,-8.59226041666656,5.04346158002051,-8.43823,-60,6.35416666666667,3,-155.983979166667,39.0559259909731,-91.4006458333333,25.561398271121,500,10000,30,1000,1000,031120Ac2,ON alpha,ventral down,2,1682,251,DN
031120A,4,SpotsMultiSize_PreDrug_-60mV,2,4243,1,2410,Left,-53.2613749999993,14.0174076155228,-6.94215624999989,4.16344270369761,-8.43823,-60,9.0625,3,-201.968875,41.7731759904149,-109.260541666667,30.6992032573072,500,10000,42,1000,1000,031120Ac2,ON alpha,ventral down,2,1682,251,DN
031120A,4,SpotsMultiSize_PreDrug_-60mV,2,4243,1,2410,Left,-66.1219270833345,9.83888405223223,-2.77898958333363,5.40699823657636,-8.43823,-60,-15,3,-249.897666666667,23.5624574417857,-98.1268333333334,20.7409982901249,500,10000,59,1000,1000,031120Ac2,ON alpha,ventral down,2,1682,251,DN
031120A,4,SpotsMultiSize_PreDrug_-60mV,2,4243,1,2410,Left,-134.097010416663,18.6332310593584,4.71449999999995,1.49835113427464,-8.43823,-60,-5.41666666666667,3,-409.2815625,40.9531477768202,-202.927395833333,22.6230793168833,500,10000,82,1000,1000,031120Ac2,ON alpha,ventral down,2,1682,251,DN
031120A,4,SpotsMultiSize_PreDrug_-60mV,2,4243,1,2410,Left,-191.950864583336,12.765820729022,8.02134374999992,4.56826721174109,-8.43823,-60,-12.5,3,-577.862020833333,70.2475631874173,-248.2786875,40.347946629062,500,10000,115,1000,1000,031120Ac2,ON alpha,ventral down,2,1682,251,DN
031120A,4,SpotsMultiSize_PreDrug_-60mV,2,4243,1,2410,Left,-326.003604166664,21.3472857158525,9.16036458333329,9.43786839860241,-8.43823,-60,1.66666666666667,3,-836.717,127.871719118568,-431.300333333333,27.3628418029964,500,10000,160,1000,1000,031120Ac2,ON alpha,ventral down,2,1682,251,DN
031120A,4,SpotsMultiSize_PreDrug_-60mV,2,4243,1,2410,Left,-493.425604166658,21.3624914664017,17.5876145833329,6.21474255210382,-8.43823,-60,-7.39583333333333,3,-1336.71010416667,61.7814528235374,-573.7934375,27.4702782608142,500,10000,224,1000,1000,031120Ac2,ON alpha,ventral down,2,1682,251,DN
031120A,4,SpotsMultiSize_PreDrug_-60mV,2,4243,1,2410,Left,-612.04653124999,20.5310163204687,21.5967187500001,4.32397176468283,-8.43823,-60,3.75,3,-1748.94985416667,179.29170410595,-735.0956875,10.841858103063,500,10000,314,1000,1000,031120Ac2,ON alpha,ventral down,2,1682,251,DN
031120A,4,SpotsMultiSize_PreDrug_-60mV,2,4243,1,2410,Left,-668.815572916655,12.8275268384574,24.7270937499985,8.37052920220637,-8.43823,-60,-21.25,3,-2103.3945625,154.62962332539,-761.8320625,8.16795075386588,500,10000,439,1000,1000,031120Ac2,ON alpha,ventral down,2,1682,251,DN
031120A,4,SpotsMultiSize_PreDrug_-60mV,2,4243,1,2410,Left,-637.788906249997,37.8497044443626,22.0632291666665,8.59489164309922,-8.43823,-60,-2.70833333333333,3,-2323.6053125,306.462817913986,-711.209479166667,64.1844978665832,500,10000,614,1000,1000,031120Ac2,ON alpha,ventral down,2,1682,251,DN
031120A,4,SpotsMultiSize_PreDrug_-60mV,2,4243,1,2410,Left,-523.865739583328,17.3390010111986,26.0918645833339,3.78334496887026,-8.43823,-60,-14.2708333333333,3,-1945.4521875,66.6058181022083,-566.181354166667,22.6807118342711,500,10000,858,1000,1000,031120Ac2,ON alpha,ventral down,2,1682,251,DN
031120A,4,SpotsMultiSize_PreDrug_-60mV,2,4243,1,2410,Left,-467.074354166662,15.6306594347,25.6335729166667,5.75516153535345,-8.43823,-60,-13.75,3,-1937.87641666667,220.016539709813,-464.543083333333,17.1228702992754,500,10000,1200,1000,1000,031120Ac2,ON alpha,ventral down,2,1682,251,DN
031120A,5,SpotsMultiSize_PreDrug_-60mV,4,4245,1,2410,Left,-80.5427083333337,0.438443077861272,-11.8533416666666,2.05183300294603,-155.605,-60,-132.291666666667,3,-328.305908333333,10.3738184250716,-196.472575,11.1653099005217,500,10000,30,1000,1000,031120Ac1,ON alpha,ventral down,1,957,-345,VN
031120A,5,SpotsMultiSize_PreDrug_-60mV,4,4245,1,2410,Left,-135.166162500004,6.04387519700281,-7.87275833333351,1.96708442331884,-155.605,-60,-136.291666666667,3,-403.359991666667,36.3043416723999,-294.068325,75.5241027324204,500,10000,42,1000,1000,031120Ac1,ON alpha,ventral down,1,957,-345,VN
031120A,5,SpotsMultiSize_PreDrug_-60mV,4,4245,1,2410,Left,-211.126124999998,8.01873222620598,-14.8972083333335,7.50838964967584,-155.605,-60,-146.708333333333,3,-565.236216666667,14.9994099057922,-320.152883333333,22.6682155786903,500,10000,59,1000,1000,031120Ac1,ON alpha,ventral down,1,957,-345,VN
031120A,5,SpotsMultiSize_PreDrug_-60mV,4,4245,1,2410,Left,-338.702620833331,16.4818003941209,8.69559166666716,6.74627491755419,-155.605,-60,-164.75,3,-743.712933333333,36.2782557057312,-506.421266666667,17.2149635905922,500,10000,82,1000,1000,031120Ac1,ON alpha,ventral down,1,957,-345,VN
031120A,5,SpotsMultiSize_PreDrug_-60mV,4,4245,1,2410,Left,-485.329837499998,11.2262474969808,-0.0219583333330607,3.78034728266083,-155.605,-60,-140.958333333333,3,-1081.78294166667,37.9922152379658,-728.157941666667,41.2166487895112,500,10000,115,1000,1000,031120Ac1,ON alpha,ventral down,1,957,-345,VN
031120A,5,SpotsMultiSize_PreDrug_-60mV,4,4245,1,2410,Left,-647.43868333335,24.02107451028,18.1370708333326,4.86439114635168,-155.605,-60,-142.583333333333,3,-1490.408325,66.9365304847528,-786.366658333333,88.9670994420292,500,10000,160,1000,1000,031120Ac1,ON alpha,ventral down,1,957,-345,VN
031120A,5,SpotsMultiSize_PreDrug_-60mV,4,4245,1,2410,Left,-855.549854166646,25.9241935181895,42.4679250000001,5.39599933465727,-155.605,-60,-158.541666666667,3,-2147.08039166667,25.3940702800521,-1000.163725,2.40568882475737,500,10000,224,1000,1000,031120Ac1,ON alpha,ventral down,1,957,-345,VN
031120A,5,SpotsMultiSize_PreDrug_-60mV,4,4245,1,2410,Left,-1012.962425,15.3102102976224,39.5772750000016,13.918036228401,-155.605,-60,-164.416666666667,3,-2376.45175833333,46.5792129576069,-1183.118425,34.3298026131587,500,10000,314,1000,1000,031120Ac1,ON alpha,ventral down,1,957,-345,VN
031120A,5,SpotsMultiSize_PreDrug_-60mV,4,4245,1,2410,Left,-1074.16760416668,27.0338668599765,55.9881416666685,5.29304119211044,-155.605,-60,-165.25,3,-2567.03065833333,79.6422665883303,-1156.697325,37.2979907053985,500,10000,439,1000,1000,031120Ac1,ON alpha,ventral down,1,957,-345,VN
031120A,5,SpotsMultiSize_PreDrug_-60mV,4,4245,1,2410,Left,-1007.50242916665,52.6555151197403,30.6549249999993,7.50752980790322,-155.605,-60,-145.791666666667,3,-2584.783925,147.08552650958,-1184.36725833333,108.514429492485,500,10000,614,1000,1000,031120Ac1,ON alpha,ventral down,1,957,-345,VN
031120A,5,SpotsMultiSize_PreDrug_-60mV,4,4245,1,2410,Left,-919.654341666655,23.1270648909646,46.9740916666666,2.08263819833888,-155.605,-60,-135.041666666667,3,-2546.03733333333,86.2824007946261,-1104.37066666667,47.5441261422952,500,10000,858,1000,1000,031120Ac1,ON alpha,ventral down,1,957,-345,VN
031120A,5,SpotsMultiSize_PreDrug_-60mV,4,4245,1,2410,Left,-853.363775000016,7.2896507872907,32.519950000001,3.26765604123689,-155.605,-60,-122.875,3,-2481.55105833333,48.919524420663,-993.259391666667,48.3996435696468,500,10000,1200,1000,1000,031120Ac1,ON alpha,ventral down,1,957,-345,VN
033022B,6,SpotsMultiSize_-60mV_0mean_8,2,1999,1,1234,Right,-3.35108589785391,1.98647325722856,-5.41602190209147,3.56422832269603,-72.0843,-60,-71.5777298215547,3,-33.3983381039236,1.60551560715288,-42.2041269019392,4.1891326460954,500,10000,30,1000,1000,033022Bc1,ON alpha,ventral down,1,-1571,-648,VN
033022B,6,SpotsMultiSize_-60mV_0mean_8,2,1999,1,1234,Right,-4.60839145746714,0.776730966127398,-2.44734349150534,2.07805260135582,-72.0843,-60,-72.6516065103027,3,-50.8732970899928,1.12469413502195,-35.3020852042225,3.71975078242154,500,10000,42,1000,1000,033022Bc1,ON alpha,ventral down,1,-1571,-648,VN
033022B,6,SpotsMultiSize_-60mV_0mean_8,2,1999,1,1234,Right,-8.55675681249107,1.37026480420991,0.220692397571031,0.436882398239485,-72.0843,-60,-78.3431529472327,3,-86.2923057566142,4.35103911054437,-36.5718154883335,4.66972085725568,500,10000,59,1000,1000,033022Bc1,ON alpha,ventral down,1,-1571,-648,VN
033022B,6,SpotsMultiSize_-60mV_0mean_8,2,1999,1,1234,Right,-23.7482137358745,3.0158057508576,-6.47299576661272,4.11294022933611,-72.0843,-60,-65.0270820256018,3,-112.018847225808,4.97030982856665,-46.834532795408,16.9433727667376,500,10000,82,1000,1000,033022Bc1,ON alpha,ventral down,1,-1571,-648,VN
033022B,6,SpotsMultiSize_-60mV_0mean_8,2,1999,1,1234,Right,-37.603596207846,3.01148451653865,-4.43818200624006,3.52738126325549,-72.0843,-60,-73.4033201907518,3,-146.522397463557,11.0725234479802,-65.3373206336939,10.2415592838442,500,10000,115,1000,1000,033022Bc1,ON alpha,ventral down,1,-1571,-648,VN
033022B,6,SpotsMultiSize_-60mV_0mean_8,2,1999,1,1234,Right,-71.9360994926029,5.53346561754863,-5.01642164601398,1.00291927670981,-72.0843,-60,-63.953205335142,3,-231.023691425842,21.5704007752359,-84.5469126217619,12.6930140751944,500,10000,160,1000,1000,033022Bc1,ON alpha,ventral down,1,-1571,-648,VN
033022B,6,SpotsMultiSize_-60mV_0mean_8,2,1999,1,1234,Right,-191.44832924952,8.67798183233965,4.82805299682503,4.05786731515987,-72.0843,-60,-69.1078134354724,3,-489.754395447828,46.1590693306741,-175.108522062433,9.80713604780133,500,10000,224,1000,1000,033022Bc1,ON alpha,ventral down,1,-1571,-648,VN
033022B,6,SpotsMultiSize_-60mV_0mean_8,2,1999,1,1234,Right,-362.934723882427,14.2205333889372,16.5508777391382,3.64797313276946,-72.0843,-60,-74.5845845465081,3,-838.742133258571,22.4760211910778,-337.993385951644,40.0003553135425,500,10000,314,1000,1000,033022Bc1,ON alpha,ventral down,1,-1571,-648,VN
033022B,6,SpotsMultiSize_-60mV_0mean_8,2,1999,1,1234,Right,-479.913406857835,10.0471725554025,24.3080369388964,0.782540481978924,-72.0843,-60,-68.6782627552024,3,-916.894923995142,8.76400120491546,-416.683098803906,82.9094959105983,500,10000,439,1000,1000,033022Bc1,ON alpha,ventral down,1,-1571,-648,VN
033022B,6,SpotsMultiSize_-60mV_0mean_8,2,1999,1,1234,Right,-453.205907919275,13.1750169194094,22.1844242078913,4.46613569207821,-72.0843,-60,-73.4033201707229,3,-814.18016235658,14.3969884194068,-426.940187947563,24.5919551666455,500,10000,614,1000,1000,033022Bc1,ON alpha,ventral down,1,-1571,-648,VN
033022B,6,SpotsMultiSize_-60mV_0mean_8,2,1999,1,1234,Right,-375.354290055495,23.1770689446829,16.3363923947168,7.17812328922459,-72.0843,-60,-76.6249502513809,3,-747.799321819652,14.8185969781377,-389.124479053006,50.7782885751807,500,10000,858,1000,1000,033022Bc1,ON alpha,ventral down,1,-1571,-648,VN
033022B,6,SpotsMultiSize_-60mV_0mean_8,2,1999,1,1234,Right,-328.879653915945,14.9648820548415,17.6905615767823,4.17854920645042,-72.0843,-60,-71.0407914799839,3,-656.330293643288,7.48496131794695,-277.037030593034,14.631940145754,500,10000,1200,1000,1000,033022Bc1,ON alpha,ventral down,1,-1571,-648,VN
051925B,7,SMS_VC_wholecell,3,10634,1,3791,Right,0.522416950614988,0.575905839092341,0.378556993920395,0.496349516782968,-152.164,0,-134.880450613946,2,-48.3297682111666,8.44181664246004,-33.76800010524,0.305843595553638,500,50000,30,1000,1000,051925Bc2,ON alpha,ventral down,2,854,-579,VT
051925B,7,SMS_VC_wholecell,3,10634,1,3791,Right,28.9859754401066,36.2013150342314,16.9274716581609,18.8642407453809,-152.164,0,-310.330491657892,3,80.4300393560975,82.5744668448,-72.2753720392346,48.8919329209765,500,50000,42,1000,1000,051925Bc2,ON alpha,ventral down,2,854,-579,VT
051925B,7,SMS_VC_wholecell,3,10634,1,3791,Right,-2.34561822041771,1.70916918738786,-54.5697030819272,65.7857515422999,-152.164,0,-151.568494590194,3,-22.9568019435799,4.10930013653579,-138.420057453583,126.96127702559,500,50000,59,1000,1000,051925Bc2,ON alpha,ventral down,2,854,-579,VT
051925B,7,SMS_VC_wholecell,3,10634,1,3791,Right,-0.128138403058807,0.975112593860168,0.944773940187499,0.464251070043275,-152.164,0,-136.81342862847,2,-30.3513738384797,15.9554477854182,-21.8462703622555,3.54454452174669,500,50000,82,1000,1000,051925Bc2,ON alpha,ventral down,2,854,-579,VT
051925B,7,SMS_VC_wholecell,3,10634,1,3791,Right,-0.696447694603265,1.5439803744158,0.583025690120787,1.00111974563782,-152.164,0,-130.391646064465,3,-61.8534657772954,49.0019285294465,-38.3140870015493,6.90670687072071,500,50000,115,1000,1000,051925Bc2,ON alpha,ventral down,2,854,-579,VT
051925B,7,SMS_VC_wholecell,3,10634,1,3791,Right,-13.5694303085925,15.9710021381448,-12.1394234138271,16.1759358632922,-152.164,0,-126.225004534429,3,-83.9249418164388,53.9973047385482,-44.8787830701015,25.2726458370071,500,50000,160,1000,1000,051925Bc2,ON alpha,ventral down,2,854,-579,VT
051925B,7,SMS_VC_wholecell,3,10634,1,3791,Right,-11.6697647461308,5.32895065477915,1.37241053441339,0.13434765198694,-152.164,0,-132.81860737602,2,-96.6665276497924,26.9753070627717,-25.2752033457964,10.9379284593878,500,50000,224,1000,1000,051925Bc2,ON alpha,ventral down,2,854,-579,VT
051925B,7,SMS_VC_wholecell,3,10634,1,3791,Right,-40.3623313847214,7.42085511836832,-9.11406124443659,13.1450198246116,-152.164,0,-146.070245717601,3,-153.337375728528,8.09111970898493,-66.7829095005015,43.3213794469328,500,50000,314,1000,1000,051925Bc2,ON alpha,ventral down,2,854,-579,VT
051925B,7,SMS_VC_wholecell,3,10634,1,3791,Right,-58.2627441325092,8.2882792014866,1.60960368088497,2.37143230916878,-152.164,0,-130.048005523183,2,-207.975010693527,25.4458153814551,-37.3574682658498,22.8944089448025,500,50000,439,1000,1000,051925Bc2,ON alpha,ventral down,2,854,-579,VT
051925B,7,SMS_VC_wholecell,3,10634,1,3791,Right,-71.9484805113035,7.19464962559735,0.510713400511077,0.562007727518606,-152.164,0,-129.360724449591,3,-222.876954994779,11.3175964678171,-52.4312305796598,5.45717257565748,500,50000,614,1000,1000,051925Bc2,ON alpha,ventral down,2,854,-579,VT
051925B,7,SMS_VC_wholecell,3,10634,1,3791,Right,-69.1402237958491,3.67119595101451,-2.42828691046438,5.12414594550234,-152.164,0,-131.143359740163,2,-216.72962605981,8.77862658355417,-68.341330821596,0.304330807413511,500,50000,858,1000,1000,051925Bc2,ON alpha,ventral down,2,854,-579,VT
051925B,7,SMS_VC_wholecell,3,10634,1,3791,Right,-67.4839141611589,0.87265236860507,1.21507642396253,1.33156697427871,-152.164,0,-129.274814311075,2,-205.808224235108,12.850086532019,-40.603020844984,12.1211115316896,500,50000,1200,1000,1000,051925Bc2,ON alpha,ventral down,2,854,-579,VT
060222A,8,SpotsMultiSize_-60mV,2,6647,1,1602,Left,-14.1803706686788,1.13174855582254,-0.0829053627118802,3.57213452280968,41.532,-60,30.7079629179723,3,-120.113193258324,37.6597491165,-39.2641055054808,6.05097405677515,500,10000,30,1000,1000,060222Ac1,ON alpha,ventral down,1,-931,-262,VT
060222A,8,SpotsMultiSize_-60mV,2,6647,1,1602,Left,-29.0907224462182,1.01849168414008,-1.40075372184946,1.06884835470729,41.532,-60,44.9198779009513,3,-197.17138327217,28.8081524144486,-38.6075555283013,2.30307874138015,500,10000,42,1000,1000,060222Ac1,ON alpha,ventral down,1,-931,-262,VT
060222A,8,SpotsMultiSize_-60mV,2,6647,1,1602,Left,-63.4544322928352,6.14043597508501,0.195038133468811,0.936484213421032,41.532,-60,47.41018293511,3,-349.339751278472,43.5967196696186,-65.5734971686551,26.1092624010504,500,10000,59,1000,1000,060222Ac1,ON alpha,ventral down,1,-931,-262,VT
060222A,8,SpotsMultiSize_-60mV,2,6647,1,1602,Left,-135.113132534302,21.4388774108938,-1.148340434756,1.0275327617819,41.532,-60,35.8603176418941,3,-573.698503169551,68.6050617974125,-139.783520036569,17.499727217087,500,10000,82,1000,1000,060222Ac1,ON alpha,ventral down,1,-931,-262,VT
060222A,8,SpotsMultiSize_-60mV,2,6647,1,1602,Left,-199.880691794166,18.2078276268789,-0.762335301208125,1.38894578083451,41.532,-60,44.0182155976946,3,-802.515660754384,68.0359133635142,-173.111039712156,27.8812335646439,500,10000,115,1000,1000,060222Ac1,ON alpha,ventral down,1,-931,-262,VT
060222A,8,SpotsMultiSize_-60mV,2,6647,1,1602,Left,-306.843599813802,35.4657864492472,4.51778422250652,1.77260257132254,41.532,-60,43.5029795825039,3,-1067.42227506489,73.7641587220862,-214.31837774018,64.7407181265135,500,10000,160,1000,1000,060222Ac1,ON alpha,ventral down,1,-931,-262,VT
060222A,8,SpotsMultiSize_-60mV,2,6647,1,1602,Left,-347.841141443907,15.7741435590324,4.95386607836805,3.07307648879306,41.532,-60,47.1525649690334,3,-1189.7856064238,61.3584369993502,-200.27245496964,43.9679127966488,500,10000,224,1000,1000,060222Ac1,ON alpha,ventral down,1,-931,-262,VT
060222A,8,SpotsMultiSize_-60mV,2,6647,1,1602,Left,-340.639185380275,20.5593567726811,1.57915290699288,0.513231104628383,41.532,-60,40.9268023336491,3,-1246.09107400101,131.68040591127,-274.868474748906,25.525502077933,500,10000,314,1000,1000,060222Ac1,ON alpha,ventral down,1,-931,-262,VT
060222A,8,SpotsMultiSize_-60mV,2,6647,1,1602,Left,-290.750103422785,23.5063218650453,3.87756429900615,0.298672897477403,41.532,-60,42.1290183831853,3,-1144.84040036107,64.8078028564636,-267.777693677947,53.2625761724695,500,10000,439,1000,1000,060222Ac1,ON alpha,ventral down,1,-931,-262,VT
060222A,8,SpotsMultiSize_-60mV,2,6647,1,1602,Left,-248.923723869194,10.7943606631367,4.91550792094374,0.0384209817653959,41.532,-60,40.1110127836639,3,-1107.45009615025,82.509495848064,-195.480304995673,22.1552937804592,500,10000,614,1000,1000,060222Ac1,ON alpha,ventral down,1,-931,-262,VT
060222A,8,SpotsMultiSize_-60mV,2,6647,1,1602,Left,-228.004006840864,15.8499416008962,2.70822669627075,1.60661327294185,41.532,-60,50.329850878935,3,-966.669687321238,59.5111938155372,-181.877923305479,5.87682699656149,500,10000,858,1000,1000,060222Ac1,ON alpha,ventral down,1,-931,-262,VT
060222A,8,SpotsMultiSize_-60mV,2,6647,1,1602,Left,-170.02210078143,12.2559009417361,3.20029497991732,2.17998400569404,41.532,-60,44.3617056334943,3,-874.644798664654,95.1485582261594,-118.792425086284,16.2395711179853,500,10000,1200,1000,1000,060222Ac1,ON alpha,ventral down,1,-931,-262,VT
060322A,9,SpotsMultiSize_-60mV_preDrug,3,2442,1,1751,Right,-152.183201639889,2.83508676369649,-18.9302000477234,7.7547508606363,-334.297,-60,-345.070853397918,3,-417.394490161536,18.8344241068861,-208.37989712609,23.993036292389,500,10000,30,1000,1000,060322Ac2,ON alpha,ventral down,2,121,1228,DT
060322A,9,SpotsMultiSize_-60mV_preDrug,3,2442,1,1751,Right,-214.135633137096,6.61737805657824,-49.0748898721538,20.4679894294046,-334.297,-60,-295.694029282905,3,-484.280558859897,13.6475986697661,-318.417052228058,39.2951283165095,500,10000,42,1000,1000,060322Ac2,ON alpha,ventral down,2,121,1228,DT
060322A,9,SpotsMultiSize_-60mV_preDrug,3,2442,1,1751,Right,-284.198982953,9.14828401625445,-58.2830517976633,8.65554765590529,-334.297,-60,-319.00847329078,3,-620.351661924133,51.0923785962428,-384.115149371915,39.2210437735131,500,10000,59,1000,1000,060322Ac2,ON alpha,ventral down,2,121,1228,DT
060322A,9,SpotsMultiSize_-60mV_preDrug,3,2442,1,1751,Right,-398.80441088511,13.9979526736845,-83.8867194061882,11.2425868665283,-334.297,-60,-331.245341373623,3,-701.628355985852,27.3001143050798,-477.542792036699,49.91393514536,500,10000,82,1000,1000,060322Ac2,ON alpha,ventral down,2,121,1228,DT
060322A,9,SpotsMultiSize_-60mV_preDrug,3,2442,1,1751,Right,-528.272610252239,17.501695144126,-91.8968346306712,6.32701798052275,-334.297,-60,-353.572254934379,3,-907.891763536715,33.9601228979724,-584.450896357074,34.7940438844826,500,10000,115,1000,1000,060322Ac2,ON alpha,ventral down,2,121,1228,DT
060322A,9,SpotsMultiSize_-60mV_preDrug,3,2442,1,1751,Right,-701.198055226441,35.4102904536974,-99.5198460319008,16.5401481771443,-334.297,-60,-321.971084614698,3,-1226.65369539241,22.3282384647939,-770.366638791165,49.7032952084877,500,10000,160,1000,1000,060322Ac2,ON alpha,ventral down,2,121,1228,DT
060322A,9,SpotsMultiSize_-60mV_preDrug,3,2442,1,1751,Right,-835.71083390827,31.2623914927444,-67.9494004137407,12.5783554249619,-334.297,-60,-342.881095426016,3,-1504.34416038686,42.3792426105772,-882.235317526634,33.4521312865493,500,10000,224,1000,1000,060322Ac2,ON alpha,ventral down,2,121,1228,DT
060322A,9,SpotsMultiSize_-60mV_preDrug,3,2442,1,1751,Right,-887.569963329401,33.9260243124788,-66.880915463951,3.71810934475743,-334.297,-60,-345.285533823448,3,-1768.21027344144,100.471017096232,-995.607858496643,75.7163965462973,500,10000,314,1000,1000,060322Ac2,ON alpha,ventral down,2,121,1228,DT
060322A,9,SpotsMultiSize_-60mV_preDrug,3,2442,1,1751,Right,-794.352077361596,53.1550384421696,-13.2848306084404,31.6449026571035,-334.297,-60,-325.835367982536,3,-1784.34698200729,25.2586141286061,-858.84731275403,69.5019976814368,500,10000,439,1000,1000,060322Ac2,ON alpha,ventral down,2,121,1228,DT
060322A,9,SpotsMultiSize_-60mV_preDrug,3,2442,1,1751,Right,-739.805238680844,29.020556308287,-6.70041462702738,23.4339846991097,-334.297,-60,-382.68313442353,3,-1697.17026808349,15.4552473973726,-803.572945562966,40.8595177958519,500,10000,614,1000,1000,060322Ac2,ON alpha,ventral down,2,121,1228,DT
060322A,9,SpotsMultiSize_-60mV_preDrug,3,2442,1,1751,Right,-750.942739791276,22.1852659221648,-31.6929727637721,7.25364229153974,-334.297,-60,-320.038945981332,3,-1658.96037358687,42.8708322021389,-827.664216055762,16.2609067974942,500,10000,858,1000,1000,060322Ac2,ON alpha,ventral down,2,121,1228,DT
060322A,9,SpotsMultiSize_-60mV_preDrug,3,2442,1,1751,Right,-697.911868119342,69.9742939254381,-37.2898487290577,20.2104091423106,-334.297,-60,-320.768868450179,3,-1726.11202673552,158.731320328526,-773.519771993991,76.2389672084238,500,10000,1200,1000,1000,060322Ac2,ON alpha,ventral down,2,121,1228,DT
072523A,10,SpotsMultiSize_Whole_cell_Current_clamp_control,2,9198,1,2107,Right,-128.184032289954,1.71314327173843,-38.0930121097949,5.08200059783766,-84.1233,-60,-33.254366249867,3,-582.765335975574,39.2653718638984,-421.002636529707,38.44978726911,500,10000,30,1000,1000,072523Ac1,ON alpha,ventral down,1,679,483,DT
072523A,10,SpotsMultiSize_Whole_cell_Current_clamp_control,2,9198,1,2107,Right,-180.815311583258,8.101889690129,-27.8082127267987,23.1411862618244,-84.1233,-60,-29.4974392870833,3,-613.245083452255,31.7159164336764,-412.410301663093,89.6687874325305,500,10000,42,1000,1000,072523Ac1,ON alpha,ventral down,1,679,483,DT
072523A,10,SpotsMultiSize_Whole_cell_Current_clamp_control,2,9198,1,2107,Right,-264.801303516738,10.5502083034374,-25.6069031236997,2.4612348259977,-84.1233,-60,-40.0168352541235,3,-749.683519917404,24.0479214282305,-583.519791633317,20.2822970150565,500,10000,59,1000,1000,072523Ac1,ON alpha,ventral down,1,679,483,DT
072523A,10,SpotsMultiSize_Whole_cell_Current_clamp_control,2,9198,1,2107,Right,-409.392493971548,13.5175957117509,-2.25254960023443,47.0209652173562,-84.1233,-60,-143.922726042979,3,-963.248301617237,94.8278843151613,-642.084183985613,9.26050968045695,500,10000,82,1000,1000,072523Ac1,ON alpha,ventral down,1,679,483,DT
072523A,10,SpotsMultiSize_Whole_cell_Current_clamp_control,2,9198,1,2107,Right,-552.880155803327,27.0308743519541,6.20941699462185,35.7649207131251,-84.1233,-60,-42.5930162543011,3,-1265.53610067787,72.0122050118517,-641.348323651597,50.1674620573658,500,10000,115,1000,1000,072523Ac1,ON alpha,ventral down,1,679,483,DT
072523A,10,SpotsMultiSize_Whole_cell_Current_clamp_control,2,9198,1,2107,Right,-661.902004499234,12.7265070542612,-15.6570829197099,12.6110127813698,-84.1233,-60,-65.99330127443,3,-1546.49681046209,77.0209870413308,-798.54458907001,23.4341264863953,500,10000,160,1000,1000,072523Ac1,ON alpha,ventral down,1,679,483,DT
072523A,10,SpotsMultiSize_Whole_cell_Current_clamp_control,2,9198,1,2107,Right,-711.248487552025,12.2071885843308,-36.1368694698367,29.9630252532977,-84.1233,-60,-86.8174117214119,3,-1606.79531559585,101.998236490434,-839.306934256044,28.4147445131511,500,10000,224,1000,1000,072523Ac1,ON alpha,ventral down,1,679,483,DT
072523A,10,SpotsMultiSize_Whole_cell_Current_clamp_control,2,9198,1,2107,Right,-703.291129312748,6.84266428321614,-53.2016433767307,22.2968697403867,-84.1233,-60,-49.5701634250089,3,-1745.55729223212,119.673566639285,-857.739512135265,37.053460653611,500,10000,314,1000,1000,072523Ac1,ON alpha,ventral down,1,679,483,DT
072523A,10,SpotsMultiSize_Whole_cell_Current_clamp_control,2,9198,1,2107,Right,-633.832085306503,13.4828173655191,-21.1292157797195,29.5433506029259,-84.1233,-60,-80.6989883491296,3,-1580.70578884509,50.3413273826007,-743.123805635462,20.0681082209939,500,10000,439,1000,1000,072523Ac1,ON alpha,ventral down,1,679,483,DT
072523A,10,SpotsMultiSize_Whole_cell_Current_clamp_control,2,9198,1,2107,Right,-612.663691244521,13.2033244753553,-22.0851486236162,17.3197268069182,-84.1233,-60,-45.3838731429846,3,-1651.58860543871,59.5806949508295,-733.500809844479,17.5486811182146,500,10000,614,1000,1000,072523Ac1,ON alpha,ventral down,1,679,483,DT
072523A,10,SpotsMultiSize_Whole_cell_Current_clamp_control,2,9198,1,2107,Right,-614.921685637614,7.55015366101293,-28.0296105347034,17.3559146163887,-84.1233,-60,-68.8915018606113,3,-1423.30697223187,104.565697312647,-743.409081770711,69.2245627725984,500,10000,858,1000,1000,072523Ac1,ON alpha,ventral down,1,679,483,DT
072523A,10,SpotsMultiSize_Whole_cell_Current_clamp_control,2,9198,1,2107,Right,-589.150687733219,13.6533616566588,-56.6227059115755,17.2191341182562,-84.1233,-60,-31.7515955458996,3,-1474.96562820037,59.87487407115,-739.143094341688,39.7556810392272,500,10000,1200,1000,1000,072523Ac1,ON alpha,ventral down,1,679,483,DT
072622A,11,SpotsMultiSize_WC_exc,6,146,1,2023,Left,-5.26832635594792,4.25569816819784,-0.973478977447352,4.08156940660134,-28.2278,-60,-29.6926859421129,4,-80.385406293184,15.4228620331463,-60.7420369977518,8.52915476221744,500,10000,30,1000,1000,072622Ac4,ON alpha,ventral down,4,-965,-916,VT
072622A,11,SpotsMultiSize_WC_exc,6,146,1,2023,Left,-17.3219218994436,2.93179693779441,-9.61482993399366,3.74017173318373,-28.2278,-60,-15.1050778204448,4,-92.1128705496209,17.2592053560615,-82.1301782232654,11.4513203776024,500,10000,42,1000,1000,072622Ac4,ON alpha,ventral down,4,-965,-916,VT
072622A,11,SpotsMultiSize_WC_exc,6,146,1,2023,Left,-28.1966155768284,7.17777283379668,-5.02704238920869,7.6064721396676,-28.2278,-60,0.12658083473582,4,-116.184077824883,23.556384733253,-62.631747835627,2.7571173779022,500,10000,59,1000,1000,072622Ac4,ON alpha,ventral down,4,-965,-916,VT
072622A,11,SpotsMultiSize_WC_exc,6,146,1,2023,Left,-42.6070471713517,10.0230677805288,8.40696963165043,12.4340768931372,-28.2278,-60,-50.2269740842467,3,-160.796319383522,25.3606756094442,-86.4735129006535,6.36965597713691,500,10000,82,1000,1000,072622Ac4,ON alpha,ventral down,4,-965,-916,VT
072622A,11,SpotsMultiSize_WC_exc,6,146,1,2023,Left,-85.4820372684465,8.72815435031874,7.27051902002177,3.3020106609335,-28.2278,-60,-39.0957362140042,4,-260.88922482463,24.4229649521893,-87.2224436626557,21.5123423374539,500,10000,115,1000,1000,072622Ac4,ON alpha,ventral down,4,-965,-916,VT
072622A,11,SpotsMultiSize_WC_exc,6,146,1,2023,Left,-144.362266045844,14.4738222636545,3.90172083470605,8.19138813321533,-28.2278,-60,-22.2754352369809,3,-418.415318058521,29.5742596683849,-99.7416391460492,29.5344304966726,500,10000,160,1000,1000,072622Ac4,ON alpha,ventral down,4,-965,-916,VT
072622A,11,SpotsMultiSize_WC_exc,6,146,1,2023,Left,-215.616762472786,24.9882029386672,4.63723350952223,5.26742391438891,-28.2278,-60,-19.4416388927029,3,-1115.43583184595,682.088077725843,-196.293870829876,63.9037672585241,500,10000,224,1000,1000,072622Ac4,ON alpha,ventral down,4,-965,-916,VT
072622A,11,SpotsMultiSize_WC_exc,6,146,1,2023,Left,-301.753199102611,16.5864490188995,9.79323963257259,8.87356395435977,-28.2278,-60,-21.1161561790898,3,-1617.19987090708,588.576128073621,-299.820681658541,78.4776834278221,500,10000,314,1000,1000,072622Ac4,ON alpha,ventral down,4,-965,-916,VT
072622A,11,SpotsMultiSize_WC_exc,6,146,1,2023,Left,-362.91209391172,4.38498175986527,24.1134767738109,5.31279624468017,-28.2278,-60,-48.9388850009778,3,-1917.64877207364,580.052450170813,-366.350018541877,34.8375678768873,500,10000,439,1000,1000,072622Ac4,ON alpha,ventral down,4,-965,-916,VT
072622A,11,SpotsMultiSize_WC_exc,6,146,1,2023,Left,-340.190740126463,12.2646080342987,18.798401849959,12.4290199082684,-28.2278,-60,-28.2435848597085,3,-2251.05884015037,132.391494376735,-449.739763968377,3.61974350821533,500,10000,614,1000,1000,072622Ac4,ON alpha,ventral down,4,-965,-916,VT
072622A,11,SpotsMultiSize_WC_exc,6,146,1,2023,Left,-302.220329367707,8.3137636036259,29.8039646210598,6.1333127875537,-28.2278,-60,-43.6147836349841,3,-2249.833369038,113.58248107854,-285.527748616728,29.1366432482203,500,10000,858,1000,1000,072622Ac4,ON alpha,ventral down,4,-965,-916,VT
072622A,11,SpotsMultiSize_WC_exc,6,146,1,2023,Left,-277.443224276094,15.8010346773456,26.007609145639,2.87310317499736,-28.2278,-60,-27.1272388115497,3,-1814.63932717427,505.591234348036,-293.697778322503,33.8525273700117,500,10000,1200,1000,1000,072622Ac4,ON alpha,ventral down,4,-965,-916,VT
072622A,12,SpotsMultiSize_WC_inh,6,146,1,2023,Left,-3.53676752071495,1.80401557272712,-4.73231717952484,3.27027878982257,478.86,20,478.116804899052,3,84.9864073914575,21.8275187459448,98.6186696402754,17.0471599968622,500,10000,30,1000,1000,072622Ac4,ON alpha,ventral down,4,-965,-916,VT
072622A,12,SpotsMultiSize_WC_inh,6,146,1,2023,Left,0.578243797718913,3.61917316497926,0.165422534208075,3.29517987733381,478.86,20,478.653506474538,3,83.3590554212063,18.4813237837845,113.199755183608,29.5048681238805,500,10000,42,1000,1000,072622Ac4,ON alpha,ventral down,4,-965,-916,VT
072622A,12,SpotsMultiSize_WC_inh,6,146,1,2023,Left,8.18782690329348,12.0530678295737,-1.7436528049097,6.28078799439796,478.86,20,480.263617394354,3,104.555442409923,20.2891324705315,98.6517045018269,33.7260857411654,500,10000,59,1000,1000,072622Ac4,ON alpha,ventral down,4,-965,-916,VT
072622A,12,SpotsMultiSize_WC_inh,6,146,1,2023,Left,14.9945996859067,3.25502858192087,-1.45944659458517,2.55737750919737,478.86,20,484.235222986464,3,144.304779947898,10.0112578019688,87.1995576291137,12.1610461408633,500,10000,82,1000,1000,072622Ac4,ON alpha,ventral down,4,-965,-916,VT
072622A,12,SpotsMultiSize_WC_inh,6,146,1,2023,Left,46.1945662453791,10.6798081796866,0.0522108621153752,6.12298008601073,478.86,20,490.568321571737,3,218.766367992647,22.8948660534804,105.092638271585,8.14902775835926,500,10000,115,1000,1000,072622Ac4,ON alpha,ventral down,4,-965,-916,VT
072622A,12,SpotsMultiSize_WC_inh,6,146,1,2023,Left,122.329938525421,6.8076523572652,18.2930490041949,5.96481827762589,478.86,20,506.562076679716,3,328.444869952901,20.4965551759076,119.238004343255,26.9799482510725,500,10000,160,1000,1000,072622Ac4,ON alpha,ventral down,4,-965,-916,VT
072622A,12,SpotsMultiSize_WC_inh,6,146,1,2023,Left,206.969105062464,19.5388164333742,52.3855481590519,12.3795390987437,478.86,20,464.269858627794,3,440.881707469938,56.1089732982327,225.449122246404,45.8957632409558,500,10000,224,1000,1000,072622Ac4,ON alpha,ventral down,4,-965,-916,VT
072622A,12,SpotsMultiSize_WC_inh,6,146,1,2023,Left,278.254898383789,47.3562809639306,69.736118830131,17.0334088492096,478.86,20,483.483836958706,3,544.189778747301,60.9359780106211,293.978877446142,84.1778049120717,500,10000,314,1000,1000,072622Ac4,ON alpha,ventral down,4,-965,-916,VT
072622A,12,SpotsMultiSize_WC_inh,6,146,1,2023,Left,319.179832054668,6.87324787845588,98.8501638177736,3.8978714982947,478.86,20,481.766385864774,3,646.846515909351,26.3836150929037,386.330974087337,19.1305448418288,500,10000,439,1000,1000,072622Ac4,ON alpha,ventral down,4,-965,-916,VT
072622A,12,SpotsMultiSize_WC_inh,6,146,1,2023,Left,245.747720288447,10.1978413742709,70.6523699514524,4.25059181945809,478.86,20,472.427749828056,3,520.555472144839,35.0536526134052,234.17077906226,36.8896676455306,500,10000,614,1000,1000,072622Ac4,ON alpha,ventral down,4,-965,-916,VT
072622A,12,SpotsMultiSize_WC_inh,6,146,1,2023,Left,234.801830176009,10.9849683509831,77.312602359858,8.57456976079102,478.86,20,462.445067585249,3,532.95575197857,39.7050106682456,264.818958572509,48.6806608290467,500,10000,858,1000,1000,072622Ac4,ON alpha,ventral down,4,-965,-916,VT
072622A,12,SpotsMultiSize_WC_inh,6,146,1,2023,Left,262.969849437994,9.44768675850017,91.4481414434427,5.69310666993608,478.86,20,473.071793963924,3,555.315837730994,20.307340007229,265.281574579523,4.26390829566419,500,10000,1200,1000,1000,072622Ac4,ON alpha,ventral down,4,-965,-916,VT
080323A,13,SpotsMultiSize_Whole_cell_Current_clamp_control,4,9192,3,2773,Right,-6.2769132983712,3.95683515703851,-7.23104554692304,0.230333820259202,-120.519,-60,-116.778273186246,3,-123.699797050828,18.2531904745264,-104.378439434299,11.8645793835404,500,50000,30,1000,1000,080323Ac2,ON alpha,ventral down,2,-632,413,DN
080323A,13,SpotsMultiSize_Whole_cell_Current_clamp_control,4,9192,3,2773,Right,-16.1412510607329,9.81122193889367,-0.612870251399088,5.53446376095725,-120.519,-60,-101.707623221296,3,-158.769236230248,36.686633665384,-111.968607753328,14.1172266169741,500,50000,42,1000,1000,080323Ac2,ON alpha,ventral down,2,-632,413,DN
080323A,13,SpotsMultiSize_Whole_cell_Current_clamp_control,4,9192,3,2773,Right,-42.3637892721665,18.1682775095516,-4.0693916453471,8.55634309821669,-120.519,-60,-119.783815568449,3,-263.08189252228,21.3182123977865,-141.357288203824,52.8868158972724,500,50000,59,1000,1000,080323Ac2,ON alpha,ventral down,2,-632,413,DN
080323A,13,SpotsMultiSize_Whole_cell_Current_clamp_control,4,9192,3,2773,Right,-113.731392044466,32.7454423446049,-4.35312361442921,3.0832225965249,-120.519,-60,-100.033105232716,3,-451.656820089165,42.6800730529051,-181.114615428876,27.6959301355934,500,50000,82,1000,1000,080323Ac2,ON alpha,ventral down,2,-632,413,DN
080323A,13,SpotsMultiSize_Whole_cell_Current_clamp_control,4,9192,3,2773,Right,-187.786948592552,45.8925724488078,-1.1786667220649,2.28897751745783,-120.519,-60,-104.584355544995,3,-590.786385456973,96.1959362733166,-212.860074372393,43.1655494898231,500,50000,115,1000,1000,080323Ac2,ON alpha,ventral down,2,-632,413,DN
080323A,13,SpotsMultiSize_Whole_cell_Current_clamp_control,4,9192,3,2773,Right,-321.217417704799,28.8761738098781,7.64768705364907,1.19105691231364,-120.519,-60,-98.659144078708,3,-840.030016582464,31.2218351929461,-291.774540408005,27.9411506636436,500,50000,160,1000,1000,080323Ac2,ON alpha,ventral down,2,-632,413,DN
080323A,13,SpotsMultiSize_Whole_cell_Current_clamp_control,4,9192,3,2773,Right,-470.85161745578,60.2153442585572,21.5797813818531,3.33034579998779,-120.519,-60,-110.294885936894,3,-1077.35121729008,59.7327942114786,-344.168007756669,126.870047291761,500,50000,224,1000,1000,080323Ac2,ON alpha,ventral down,2,-632,413,DN
080323A,13,SpotsMultiSize_Whole_cell_Current_clamp_control,4,9192,3,2773,Right,-501.275688511518,28.561994443864,35.0127657132468,4.25746804096407,-120.519,-60,-129.745045163913,3,-1232.01347678295,68.2879158860494,-161.306577796917,12.4298504171632,500,50000,314,1000,1000,080323Ac2,ON alpha,ventral down,2,-632,413,DN
080323A,13,SpotsMultiSize_Whole_cell_Current_clamp_control,4,9192,3,2773,Right,-547.591840618496,70.1957749174059,17.8959040051713,7.90651755055027,-120.519,-60,-123.046980378928,3,-1273.43397509591,108.501320750159,-370.264802013828,188.481301300437,500,50000,439,1000,1000,080323Ac2,ON alpha,ventral down,2,-632,413,DN
080323A,13,SpotsMultiSize_Whole_cell_Current_clamp_control,4,9192,3,2773,Right,-494.100068043538,12.3134902866074,26.4078802636896,2.40677122568155,-120.519,-60,-116.992954273667,3,-1180.89719305359,58.4088201802003,-258.149272354333,3.83446234417273,500,50000,614,1000,1000,080323Ac2,ON alpha,ventral down,2,-632,413,DN
080323A,13,SpotsMultiSize_Whole_cell_Current_clamp_control,4,9192,3,2773,Right,-385.327343537222,50.0923306849176,20.1300916652624,5.67304811110925,-120.519,-60,-123.691022899026,3,-1063.16284428088,140.259504854354,-158.663411424704,36.5751787209177,500,50000,858,1000,1000,080323Ac2,ON alpha,ventral down,2,-632,413,DN
080323A,13,SpotsMultiSize_Whole_cell_Current_clamp_control,4,9192,3,2773,Right,-416.60027590668,53.0385908856716,17.8790749173982,0.77086860988826,-120.519,-60,-114.073283620499,3,-1121.04523838375,94.2985793991884,-247.116294921541,46.1275783185741,500,50000,1200,1000,1000,080323Ac2,ON alpha,ventral down,2,-632,413,DN
081222A,14,SpotsMultiSize_WC_exc,19,192,1,2038,Left,-11.4283913767708,8.74994377182263,8.01140783372656,8.65878331613221,-643.978,-60,-647.029234405158,3,-136.948640597727,31.7209291559106,-69.216527458358,12.8573582529674,500,10000,30,1000,1000,081222Ac18,ON alpha,ventral down,18,-1259,681,DT
081222A,14,SpotsMultiSize_WC_exc,19,192,1,2038,Left,-51.1281732698029,10.0526485183989,9.70731025585877,9.96359651827084,-643.978,-60,-646.063167032248,3,-249.166122333096,22.1116377957208,-100.498943693603,15.2489694238681,500,10000,42,1000,1000,081222Ac18,ON alpha,ventral down,18,-1259,681,DT
081222A,14,SpotsMultiSize_WC_exc,19,192,1,2038,Left,-82.7861479246498,55.8870482131045,66.3527480570179,95.0635774806619,-643.978,-60,-730.32576751179,3,-333.774550840617,31.7484298151311,124.463826077669,100.088721608118,500,10000,59,1000,1000,081222Ac18,ON alpha,ventral down,18,-1259,681,DT
081222A,14,SpotsMultiSize_WC_exc,19,192,1,2038,Left,-178.552584514177,6.99501318029887,-9.20950844686256,11.9199597047845,-643.978,-60,-648.209980569435,3,-455.370384734062,5.70243950001712,-273.856808275942,30.46445352087,500,10000,82,1000,1000,081222Ac18,ON alpha,ventral down,18,-1259,681,DT
081222A,14,SpotsMultiSize_WC_exc,19,192,1,2038,Left,-264.102901115515,37.0920061258049,-8.00268589867941,19.2202873431358,-643.978,-60,-676.977342261099,3,-567.440556121588,82.2565950888697,-344.385983348826,30.505583129912,500,10000,115,1000,1000,081222Ac18,ON alpha,ventral down,18,-1259,681,DT
081222A,14,SpotsMultiSize_WC_exc,19,192,1,2038,Left,-320.558751434208,32.2651585380502,-11.73165921891,17.3331995451039,-643.978,-60,-670.644227696238,3,-723.822950123369,59.6558348050964,-358.434166741476,20.0087507431114,500,10000,160,1000,1000,081222Ac18,ON alpha,ventral down,18,-1259,681,DT
081222A,14,SpotsMultiSize_WC_exc,19,192,1,2038,Left,-282.975860080873,26.1650525398982,-0.420269601184689,3.16730253887117,-643.978,-60,-631.464805496935,3,-628.219279758675,64.0231507912635,-387.775454249543,54.3325192040583,500,10000,224,1000,1000,081222Ac18,ON alpha,ventral down,18,-1259,681,DT
081222A,14,SpotsMultiSize_WC_exc,19,192,1,2038,Left,-233.215929014707,18.4488446774883,-2.63873258834453,13.8074686296064,-643.978,-60,-618.905921140879,3,-493.229631324216,39.7315672440626,-417.12486417369,63.7523308734008,500,10000,314,1000,1000,081222Ac18,ON alpha,ventral down,18,-1259,681,DT
081222A,14,SpotsMultiSize_WC_exc,19,192,1,2038,Left,-220.819524082799,12.4530374162674,-0.134933206701165,20.9536172122654,-643.978,-60,-627.27851189605,3,-443.777446715468,31.7240500897276,-321.194060986741,24.6916235912902,500,10000,439,1000,1000,081222Ac18,ON alpha,ventral down,18,-1259,681,DT
081222A,14,SpotsMultiSize_WC_exc,19,192,1,2038,Left,-230.684216624969,21.6432218492265,-8.55301296733351,12.1577809140234,-643.978,-60,-653.362345523422,3,-538.037170404512,43.4208148050256,-384.217531046409,67.8739171671202,500,10000,614,1000,1000,081222Ac18,ON alpha,ventral down,18,-1259,681,DT
081222A,14,SpotsMultiSize_WC_exc,19,192,1,2038,Left,-217.440188321566,24.7045403841611,-14.6053932722164,18.6180235894285,-643.978,-60,-654.435756141726,3,-494.751713109315,26.7907909076583,-376.461949967873,58.3119560883256,500,10000,858,1000,1000,081222Ac18,ON alpha,ventral down,18,-1259,681,DT
081222A,14,SpotsMultiSize_WC_exc,19,192,1,2038,Left,-226.235186544748,7.76778763556044,-14.9766902816074,9.71883973770337,-643.978,-60,-598.725836210782,3,-456.879313587382,34.7053233891286,-397.519752329825,47.0443021320665,500,10000,1200,1000,1000,081222Ac18,ON alpha,ventral down,18,-1259,681,DT
081222A,15,SpotsMultiSize_WC_inh,19,192,1,2038,Left,-2.2413806788391,3.98712609181975,-2.43230765573523,5.18164453012892,482.586,30,494.861944155101,3,59.6348836559912,12.3513853207419,52.9797623148909,19.7945244446405,500,10000,30,1000,1000,081222Ac18,ON alpha,ventral down,18,-1259,681,DT
081222A,15,SpotsMultiSize_WC_inh,19,192,1,2038,Left,4.94258506564654,8.60306031404762,-1.00774673752023,2.81966308655291,482.586,30,491.963748559817,3,107.749779984023,59.3580587629441,82.8467599672984,13.1370657267073,500,10000,42,1000,1000,081222Ac18,ON alpha,ventral down,18,-1259,681,DT
081222A,15,SpotsMultiSize_WC_inh,19,192,1,2038,Left,48.5060506669191,13.7176486123508,10.9812824599539,2.78239146336077,482.586,30,469.529550620821,3,183.570041775087,48.8272065244544,110.363733332175,8.92780305356712,500,10000,59,1000,1000,081222Ac18,ON alpha,ventral down,18,-1259,681,DT
081222A,15,SpotsMultiSize_WC_inh,19,192,1,2038,Left,87.4501003283777,30.2276249265225,23.3637129261531,7.10066374820884,482.586,30,502.375789884658,3,225.97258210525,51.3489862854914,148.794672514,53.2462276428865,500,10000,82,1000,1000,081222Ac18,ON alpha,ventral down,18,-1259,681,DT
081222A,15,SpotsMultiSize_WC_inh,19,192,1,2038,Left,116.208386096023,36.8505339383593,48.8726930744614,12.5485465267891,482.586,30,479.726911656506,3,252.50173032671,63.9522855670481,160.940182746746,48.5900171544747,500,10000,115,1000,1000,081222Ac18,ON alpha,ventral down,18,-1259,681,DT
081222A,15,SpotsMultiSize_WC_inh,19,192,1,2038,Left,92.0645826452526,27.5399609827592,44.7641560086234,8.96944974238506,482.586,30,483.805857919081,3,198.732374808903,49.5096323692183,156.225488572819,32.5963075315581,500,10000,160,1000,1000,081222Ac18,ON alpha,ventral down,18,-1259,681,DT
081222A,15,SpotsMultiSize_WC_inh,19,192,1,2038,Left,75.7188572531281,24.3603256203845,41.3683696177248,9.74550584353334,482.586,30,465.34326504007,3,165.894386571228,43.0281374931033,156.663089579005,54.7215166729801,500,10000,224,1000,1000,081222Ac18,ON alpha,ventral down,18,-1259,681,DT
081222A,15,SpotsMultiSize_WC_inh,19,192,1,2038,Left,63.8778852906458,15.1658132822879,28.8273634513396,6.69568233833361,482.586,30,489.065551504788,3,145.943927079682,28.53116961279,115.459187777337,18.7854536200411,500,10000,314,1000,1000,081222Ac18,ON alpha,ventral down,18,-1259,681,DT
081222A,15,SpotsMultiSize_WC_inh,19,192,1,2038,Left,36.1178870194288,13.2058365424509,11.4832391630369,4.6164163812576,482.586,30,490.675660558945,3,153.043180746582,33.3443087348192,73.1817463303228,11.4584023770811,500,10000,439,1000,1000,081222Ac18,ON alpha,ventral down,18,-1259,681,DT
081222A,15,SpotsMultiSize_WC_inh,19,192,1,2038,Left,28.8373565818225,9.72622529840498,9.29299647737033,3.3032760239477,482.586,30,474.145198004562,3,150.516359818179,35.8975897513986,74.411849440823,3.48767803037531,500,10000,614,1000,1000,081222Ac18,ON alpha,ventral down,18,-1259,681,DT
081222A,15,SpotsMultiSize_WC_inh,19,192,1,2038,Left,21.060837413434,12.7023535653412,9.57062213475381,3.61431412310691,482.586,30,477.68744199028,3,153.66780036238,19.8428987278984,77.348603859625,13.9031998587282,500,10000,858,1000,1000,081222Ac18,ON alpha,ventral down,18,-1259,681,DT
081222A,15,SpotsMultiSize_WC_inh,19,192,1,2038,Left,21.2901785616184,17.5886489735975,0.124396721279882,3.74114512173905,482.586,30,495.720671395391,3,185.717125908859,29.7880641581219,71.5066923703051,15.3199421116521,500,10000,1200,1000,1000,081222Ac18,ON alpha,ventral down,18,-1259,681,DT
